tstamp	latitude	longitude	direction	speed	trip_id	trip_id	route_id	vehicle_id	service_key	direction
2020-10-14 05:14:53	45.656132	-122.585408	314	6.71082	170334340	170334340	47	2241	Weekday	Out
2020-10-14 05:14:58	45.65625	-122.585337	23	4.47388	170334340	170334340	47	2241	Weekday	Out
2020-10-14 05:15:03	45.656277	-122.585105	81	6.71082	170334340	170334340	47	2241	Weekday	Out
2020-10-14 05:15:08	45.656292	-122.584885	84	6.71082	170334340	170334340	47	2241	Weekday	Out
2020-10-14 05:15:13	45.656317	-122.58467	81	6.71082	170334340	170334340	47	2241	Weekday	Out
2020-10-14 05:15:18	45.656355	-122.584405	78	8.94776	170334340	170334340	47	2241	Weekday	Out
2020-10-14 05:15:23	45.656372	-122.584122	85	8.94776	170334340	170334340	47	2241	Weekday	Out
2020-10-14 05:15:28	45.656235	-122.583957	140	6.71082	170334340	170334340	47	2241	Weekday	Out
2020-10-14 05:15:33	45.656147	-122.583947	175	2.23694	170334340	170334340	47	2241	Weekday	Out
2020-10-14 05:15:39	45.656063	-122.583893	156	4.47388	170334340	170334340	47	2241	Weekday	Out
2020-10-14 05:15:43	45.65608	-122.5835	87	17.89552	170334340	170334340	47	2241	Weekday	Out
2020-10-14 05:15:48	45.656207	-122.582805	75	22.3694	170334340	170334340	47	2241	Weekday	Out
2020-10-14 05:15:53	45.656332	-122.582028	77	29.08022	170334340	170334340	47	2241	Weekday	Out
2020-10-14 05:15:58	45.656525	-122.581303	69	22.3694	170334340	170334340	47	2241	Weekday	Out
2020-10-14 05:16:03	45.656725	-122.580633	67	24.60634	170334340	170334340	47	2241	Weekday	Out
2020-10-14 05:16:08	45.65691	-122.580022	67	22.3694	170334340	170334340	47	2241	Weekday	Out
2020-10-14 05:16:13	45.657165	-122.579482	56	22.3694	170334340	170334340	47	2241	Weekday	Out
2020-10-14 05:16:18	45.65757	-122.579177	28	22.3694	170334340	170334340	47	2241	Weekday	Out
2020-10-14 05:16:23	45.657983	-122.57912	5	20.13246	170334340	170334340	47	2241	Weekday	Out
2020-10-14 05:16:28	45.658183	-122.5791	4	8.94776	170334340	170334340	47	2241	Weekday	Out
2020-10-14 05:16:29	45.658188	-122.579098	13	0	170334340	170334340	47	2241	Weekday	Out
2020-10-14 05:16:30	45.658188	-122.579098	0	2.23694	170334340	170334340	47	2241	Weekday	Out
2020-10-14 05:16:33	45.65823	-122.57908	17	4.47388	170334340	170334340	47	2241	Weekday	Out
2020-10-14 05:16:38	45.658283	-122.578813	74	8.94776	170334340	170334340	47	2241	Weekday	Out
2020-10-14 05:16:43	45.658205	-122.578242	101	20.13246	170334340	170334340	47	2241	Weekday	Out
2020-10-14 05:16:48	45.658157	-122.577567	96	22.3694	170334340	170334340	47	2241	Weekday	Out
2020-10-14 05:16:53	45.658122	-122.576912	94	22.3694	170334340	170334340	47	2241	Weekday	Out
2020-10-14 05:16:58	45.657945	-122.576338	114	20.13246	170334340	170334340	47	2241	Weekday	Out
2020-10-14 05:17:03	45.657682	-122.575912	131	17.89552	170334340	170334340	47	2241	Weekday	Out
2020-10-14 05:17:08	45.65757	-122.57574	133	6.71082	170334340	170334340	47	2241	Weekday	Out
2020-10-14 05:17:13	45.657472	-122.575533	124	8.94776	170334340	170334340	47	2241	Weekday	Out
2020-10-14 05:17:18	45.657663	-122.575182	52	13.42164	170334340	170334340	47	2241	Weekday	Out
2020-10-14 05:17:23	45.658078	-122.574753	36	24.60634	170334340	170334340	47	2241	Weekday	Out
2020-10-14 05:17:28	45.658545	-122.574205	39	29.08022	170334340	170334340	47	2241	Weekday	Out
2020-10-14 05:17:33	45.659017	-122.573595	42	31.31716	170334340	170334340	47	2241	Weekday	Out
2020-10-14 05:17:38	45.659478	-122.572935	45	31.31716	170334340	170334340	47	2241	Weekday	Out
2020-10-14 05:17:43	45.659922	-122.572223	48	31.31716	170334340	170334340	47	2241	Weekday	Out
2020-10-14 05:17:48	45.66035	-122.57146	51	33.5541	170334340	170334340	47	2241	Weekday	Out
2020-10-14 05:17:53	45.660747	-122.570682	54	31.31716	170334340	170334340	47	2241	Weekday	Out
2020-10-14 05:17:58	45.661118	-122.569928	55	31.31716	170334340	170334340	47	2241	Weekday	Out
2020-10-14 05:18:03	45.661448	-122.569158	58	31.31716	170334340	170334340	47	2241	Weekday	Out
2020-10-14 05:18:08	45.661807	-122.56843	55	29.08022	170334340	170334340	47	2241	Weekday	Out
2020-10-14 05:18:13	45.662173	-122.567693	55	31.31716	170334340	170334340	47	2241	Weekday	Out
2020-10-14 05:18:18	45.662522	-122.566987	55	29.08022	170334340	170334340	47	2241	Weekday	Out
2020-10-14 05:18:23	45.662858	-122.566272	56	29.08022	170334340	170334340	47	2241	Weekday	Out
2020-10-14 05:18:28	45.66318	-122.565583	56	26.84328	170334340	170334340	47	2241	Weekday	Out
2020-10-14 05:18:33	45.66348	-122.564885	58	26.84328	170334340	170334340	47	2241	Weekday	Out
2020-10-14 05:18:38	45.663752	-122.56419	61	26.84328	170334340	170334340	47	2241	Weekday	Out
2020-10-14 05:18:43	45.664032	-122.56348	61	26.84328	170334340	170334340	47	2241	Weekday	Out
2020-10-14 05:18:48	45.664305	-122.562783	61	26.84328	170334340	170334340	47	2241	Weekday	Out
2020-10-14 05:18:53	45.664562	-122.56214	60	24.60634	170334340	170334340	47	2241	Weekday	Out
2020-10-14 05:18:58	45.664752	-122.561693	59	15.65858	170334340	170334340	47	2241	Weekday	Out
2020-10-14 05:19:02	45.664795	-122.561595	58	2.23694	170334340	170334340	47	2241	Weekday	Out
2020-10-14 05:19:03	45.664795	-122.561595	0	0	170334340	170334340	47	2241	Weekday	Out
2020-10-14 05:19:06	45.664795	-122.561593	90	0	170334340	170334340	47	2241	Weekday	Out
2020-10-14 05:19:08	45.66481	-122.561558	58	4.47388	170334340	170334340	47	2241	Weekday	Out
2020-10-14 05:19:13	45.664972	-122.561182	58	15.65858	170334340	170334340	47	2241	Weekday	Out
2020-10-14 05:19:18	45.66522	-122.560543	61	24.60634	170334340	170334340	47	2241	Weekday	Out
2020-10-14 05:19:23	45.66546	-122.559803	65	26.84328	170334340	170334340	47	2241	Weekday	Out
2020-10-14 05:19:28	45.66567	-122.559005	69	29.08022	170334340	170334340	47	2241	Weekday	Out
2020-10-14 05:19:33	45.665847	-122.558207	72	29.08022	170334340	170334340	47	2241	Weekday	Out
2020-10-14 05:19:38	45.66603	-122.557425	71	26.84328	170334340	170334340	47	2241	Weekday	Out
2020-10-14 05:19:43	45.66623	-122.556625	70	29.08022	170334340	170334340	47	2241	Weekday	Out
2020-10-14 05:19:48	45.666433	-122.555818	70	29.08022	170334340	170334340	47	2241	Weekday	Out
2020-10-14 05:19:53	45.666633	-122.555045	70	26.84328	170334340	170334340	47	2241	Weekday	Out
2020-10-14 05:19:58	45.666832	-122.554318	69	26.84328	170334340	170334340	47	2241	Weekday	Out
2020-10-14 05:20:03	45.66702	-122.553578	70	26.84328	170334340	170334340	47	2241	Weekday	Out
2020-10-14 05:20:08	45.667167	-122.55298	71	20.13246	170334340	170334340	47	2241	Weekday	Out
2020-10-14 05:20:28	45.667222	-122.552755	71	0	170334340	170334340	47	2241	Weekday	Out
2020-10-14 05:20:33	45.667333	-122.552523	55	8.94776	170334340	170334340	47	2241	Weekday	Out
2020-10-14 05:20:38	45.667662	-122.552475	6	15.65858	170334340	170334340	47	2241	Weekday	Out
2020-10-14 05:20:43	45.668198	-122.552475	0	26.84328	170334340	170334340	47	2241	Weekday	Out
2020-10-14 05:20:48	45.668808	-122.552473	0	29.08022	170334340	170334340	47	2241	Weekday	Out
2020-10-14 05:20:53	45.669398	-122.552478	0	26.84328	170334340	170334340	47	2241	Weekday	Out
2020-10-14 05:20:58	45.669762	-122.55248	0	15.65858	170334340	170334340	47	2241	Weekday	Out
2020-10-14 05:21:01	45.6698	-122.55248	0	0	170334340	170334340	47	2241	Weekday	Out
2020-10-14 05:21:03	45.6698	-122.55248	0	0	170334340	170334340	47	2241	Weekday	Out
2020-10-14 05:21:05	45.6698	-122.55248	0	0	170334340	170334340	47	2241	Weekday	Out
2020-10-14 05:21:08	45.66985	-122.552482	359	4.47388	170334340	170334340	47	2241	Weekday	Out
2020-10-14 05:21:13	45.670187	-122.552482	0	17.89552	170334340	170334340	47	2241	Weekday	Out
2020-10-14 05:21:18	45.670717	-122.552482	0	24.60634	170334340	170334340	47	2241	Weekday	Out
2020-10-14 05:21:23	45.671325	-122.552482	0	29.08022	170334340	170334340	47	2241	Weekday	Out
2020-10-14 05:21:28	45.671945	-122.552483	0	29.08022	170334340	170334340	47	2241	Weekday	Out
2020-10-14 05:21:33	45.672553	-122.552485	0	29.08022	170334340	170334340	47	2241	Weekday	Out
2020-10-14 05:21:38	45.673183	-122.552483	0	29.08022	170334340	170334340	47	2241	Weekday	Out
2020-10-14 05:21:43	45.673827	-122.552483	0	31.31716	170334340	170334340	47	2241	Weekday	Out
2020-10-14 05:21:48	45.674465	-122.552482	0	31.31716	170334340	170334340	47	2241	Weekday	Out
2020-10-14 05:21:53	45.675092	-122.552483	0	29.08022	170334340	170334340	47	2241	Weekday	Out
2020-10-14 05:21:58	45.67574	-122.552482	0	31.31716	170334340	170334340	47	2241	Weekday	Out
2020-10-14 05:22:03	45.676378	-122.552478	0	31.31716	170334340	170334340	47	2241	Weekday	Out
2020-10-14 05:22:08	45.677027	-122.552475	0	31.31716	170334340	170334340	47	2241	Weekday	Out
2020-10-14 05:22:13	45.677667	-122.552477	0	31.31716	170334340	170334340	47	2241	Weekday	Out
2020-10-14 05:22:18	45.678288	-122.552475	0	29.08022	170334340	170334340	47	2241	Weekday	Out
2020-10-14 05:22:23	45.678728	-122.552427	4	20.13246	170334340	170334340	47	2241	Weekday	Out
2020-10-14 05:22:28	45.678873	-122.55241	5	4.47388	170334340	170334340	47	2241	Weekday	Out
2020-10-14 05:22:38	45.678882	-122.552412	352	0	170334340	170334340	47	2241	Weekday	Out
2020-10-14 05:22:43	45.679097	-122.552442	354	11.1847	170334340	170334340	47	2241	Weekday	Out
2020-10-14 05:22:48	45.679507	-122.55247	357	20.13246	170334340	170334340	47	2241	Weekday	Out
2020-10-14 05:22:53	45.680033	-122.55247	0	26.84328	170334340	170334340	47	2241	Weekday	Out
2020-10-14 05:22:58	45.680657	-122.55247	0	29.08022	170334340	170334340	47	2241	Weekday	Out
2020-10-14 05:23:03	45.681238	-122.55247	0	26.84328	170334340	170334340	47	2241	Weekday	Out
2020-10-14 05:23:08	45.681707	-122.552472	0	22.3694	170334340	170334340	47	2241	Weekday	Out
2020-10-14 05:23:13	45.681958	-122.55247	0	8.94776	170334340	170334340	47	2241	Weekday	Out
2020-10-14 05:23:34	45.681973	-122.552472	356	0	170334340	170334340	47	2241	Weekday	Out
2020-10-14 05:23:39	45.68223	-122.552473	0	13.42164	170334340	170334340	47	2241	Weekday	Out
2020-10-14 05:23:44	45.682727	-122.552473	0	22.3694	170334340	170334340	47	2241	Weekday	Out
2020-10-14 05:23:49	45.683362	-122.552473	0	31.31716	170334340	170334340	47	2241	Weekday	Out
2020-10-14 05:23:54	45.684058	-122.552475	0	33.5541	170334340	170334340	47	2241	Weekday	Out
2020-10-14 05:23:59	45.684777	-122.552478	0	33.5541	170334340	170334340	47	2241	Weekday	Out
2020-10-14 05:24:04	45.685505	-122.552478	0	35.79104	170334340	170334340	47	2241	Weekday	Out
2020-10-14 05:24:09	45.686223	-122.552478	0	35.79104	170334340	170334340	47	2241	Weekday	Out
2020-10-14 05:24:14	45.686957	-122.552478	0	35.79104	170334340	170334340	47	2241	Weekday	Out
2020-10-14 05:24:19	45.687713	-122.552482	0	35.79104	170334340	170334340	47	2241	Weekday	Out
2020-10-14 05:24:24	45.688472	-122.552512	358	35.79104	170334340	170334340	47	2241	Weekday	Out
2020-10-14 05:24:29	45.68921	-122.552557	358	35.79104	170334340	170334340	47	2241	Weekday	Out
2020-10-14 05:24:34	45.689938	-122.55262	357	35.79104	170334340	170334340	47	2241	Weekday	Out
2020-10-14 05:24:39	45.690667	-122.552675	357	35.79104	170334340	170334340	47	2241	Weekday	Out
2020-10-14 05:24:44	45.691398	-122.55271	358	35.79104	170334340	170334340	47	2241	Weekday	Out
2020-10-14 05:24:49	45.692097	-122.552725	359	33.5541	170334340	170334340	47	2241	Weekday	Out
2020-10-14 05:24:54	45.692707	-122.552722	0	29.08022	170334340	170334340	47	2241	Weekday	Out
2020-10-14 05:24:59	45.693138	-122.552717	0	20.13246	170334340	170334340	47	2241	Weekday	Out
2020-10-14 05:25:04	45.693292	-122.552713	1	6.71082	170334340	170334340	47	2241	Weekday	Out
2020-10-14 05:25:09	45.693455	-122.552713	0	8.94776	170334340	170334340	47	2241	Weekday	Out
2020-10-14 05:25:14	45.693895	-122.552713	0	22.3694	170334340	170334340	47	2241	Weekday	Out
2020-10-14 05:25:19	45.694492	-122.55271	0	29.08022	170334340	170334340	47	2241	Weekday	Out
2020-10-14 05:25:24	45.69519	-122.552705	0	33.5541	170334340	170334340	47	2241	Weekday	Out
2020-10-14 05:25:29	45.695945	-122.5527	0	35.79104	170334340	170334340	47	2241	Weekday	Out
2020-10-14 05:25:34	45.6967	-122.552698	0	35.79104	170334340	170334340	47	2241	Weekday	Out
2020-10-14 05:25:39	45.697467	-122.552695	0	38.02798	170334340	170334340	47	2241	Weekday	Out
2020-10-14 05:25:44	45.698247	-122.55269	0	38.02798	170334340	170334340	47	2241	Weekday	Out
2020-10-14 05:25:49	45.699035	-122.552685	0	38.02798	170334340	170334340	47	2241	Weekday	Out
2020-10-14 05:25:54	45.699828	-122.552682	0	38.02798	170334340	170334340	47	2241	Weekday	Out
2020-10-14 05:25:59	45.70062	-122.552678	0	38.02798	170334340	170334340	47	2241	Weekday	Out
2020-10-14 05:26:04	45.701395	-122.552675	0	38.02798	170334340	170334340	47	2241	Weekday	Out
2020-10-14 05:26:09	45.70216	-122.552693	359	38.02798	170334340	170334340	47	2241	Weekday	Out
2020-10-14 05:26:14	45.702923	-122.552727	358	35.79104	170334340	170334340	47	2241	Weekday	Out
2020-10-14 05:26:19	45.703683	-122.552743	359	35.79104	170334340	170334340	47	2241	Weekday	Out
2020-10-14 05:26:24	45.70443	-122.552743	0	35.79104	170334340	170334340	47	2241	Weekday	Out
2020-10-14 05:26:29	45.705193	-122.552737	0	38.02798	170334340	170334340	47	2241	Weekday	Out
2020-10-14 05:26:34	45.705967	-122.552707	2	38.02798	170334340	170334340	47	2241	Weekday	Out
2020-10-14 05:26:39	45.706752	-122.552643	3	38.02798	170334340	170334340	47	2241	Weekday	Out
2020-10-14 05:26:44	45.707537	-122.552592	3	38.02798	170334340	170334340	47	2241	Weekday	Out
2020-10-14 05:26:49	45.708317	-122.552598	0	38.02798	170334340	170334340	47	2241	Weekday	Out
2020-10-14 05:26:54	45.709107	-122.552615	359	38.02798	170334340	170334340	47	2241	Weekday	Out
2020-10-14 05:26:59	45.70992	-122.552608	0	40.26492	170334340	170334340	47	2241	Weekday	Out
2020-10-14 05:27:04	45.710742	-122.552597	1	40.26492	170334340	170334340	47	2241	Weekday	Out
2020-10-14 05:27:09	45.711552	-122.552587	0	38.02798	170334340	170334340	47	2241	Weekday	Out
2020-10-14 05:27:14	45.712363	-122.552578	0	40.26492	170334340	170334340	47	2241	Weekday	Out
2020-10-14 05:27:19	45.713187	-122.552568	0	40.26492	170334340	170334340	47	2241	Weekday	Out
2020-10-14 05:27:24	45.713995	-122.552557	1	38.02798	170334340	170334340	47	2241	Weekday	Out
2020-10-14 05:27:29	45.714777	-122.552547	1	38.02798	170334340	170334340	47	2241	Weekday	Out
2020-10-14 05:27:34	45.715558	-122.552537	1	38.02798	170334340	170334340	47	2241	Weekday	Out
2020-10-14 05:27:39	45.716345	-122.552527	1	38.02798	170334340	170334340	47	2241	Weekday	Out
2020-10-14 05:27:44	45.717135	-122.552515	1	38.02798	170334340	170334340	47	2241	Weekday	Out
2020-10-14 05:27:49	45.717918	-122.552507	0	38.02798	170334340	170334340	47	2241	Weekday	Out
2020-10-14 05:27:54	45.718697	-122.552495	1	38.02798	170334340	170334340	47	2241	Weekday	Out
2020-10-14 05:27:59	45.719492	-122.552483	1	38.02798	170334340	170334340	47	2241	Weekday	Out
2020-10-14 05:28:04	45.720268	-122.552473	1	38.02798	170334340	170334340	47	2241	Weekday	Out
2020-10-14 05:28:09	45.721047	-122.552462	1	38.02798	170334340	170334340	47	2241	Weekday	Out
2020-10-14 05:28:14	45.721823	-122.552453	0	38.02798	170334340	170334340	47	2241	Weekday	Out
2020-10-14 05:28:19	45.722585	-122.552442	1	38.02798	170334340	170334340	47	2241	Weekday	Out
2020-10-14 05:28:24	45.723355	-122.55243	1	38.02798	170334340	170334340	47	2241	Weekday	Out
2020-10-14 05:28:29	45.72413	-122.552422	0	38.02798	170334340	170334340	47	2241	Weekday	Out
2020-10-14 05:28:34	45.724907	-122.552413	0	38.02798	170334340	170334340	47	2241	Weekday	Out
2020-10-14 05:28:39	45.725688	-122.552403	1	38.02798	170334340	170334340	47	2241	Weekday	Out
2020-10-14 05:28:44	45.726482	-122.552393	1	38.02798	170334340	170334340	47	2241	Weekday	Out
2020-10-14 05:28:49	45.727272	-122.55238	1	38.02798	170334340	170334340	47	2241	Weekday	Out
2020-10-14 05:28:54	45.728025	-122.55237	1	35.79104	170334340	170334340	47	2241	Weekday	Out
2020-10-14 05:28:59	45.728718	-122.55234	2	33.5541	170334340	170334340	47	2241	Weekday	Out
2020-10-14 05:29:04	45.729232	-122.552292	4	22.3694	170334340	170334340	47	2241	Weekday	Out
2020-10-14 05:29:09	45.729555	-122.552248	5	13.42164	170334340	170334340	47	2241	Weekday	Out
2020-10-14 05:29:14	45.72979	-122.552212	6	11.1847	170334340	170334340	47	2241	Weekday	Out
2020-10-14 05:29:19	45.730235	-122.552122	8	22.3694	170334340	170334340	47	2241	Weekday	Out
2020-10-14 05:29:23	45.7308	-122.551972	10	35.79104	170334340	170334340	47	2241	Weekday	Out
2020-10-14 05:29:28	45.731333	-122.551867	8	24.60634	170334340	170334340	47	2241	Weekday	Out
2020-10-14 05:29:33	45.731732	-122.551785	8	17.89552	170334340	170334340	47	2241	Weekday	Out
2020-10-14 05:29:38	45.731975	-122.551735	8	11.1847	170334340	170334340	47	2241	Weekday	Out
2020-10-14 05:29:42	45.732022	-122.551725	9	2.23694	170334340	170334340	47	2241	Weekday	Out
2020-10-14 05:29:43	45.732027	-122.551725	0	2.23694	170334340	170334340	47	2241	Weekday	Out
2020-10-14 05:29:48	45.732245	-122.551685	7	11.1847	170334340	170334340	47	2241	Weekday	Out
2020-10-14 05:29:53	45.732722	-122.55161	6	24.60634	170334340	170334340	47	2241	Weekday	Out
2020-10-14 05:29:58	45.733342	-122.551552	4	29.08022	170334340	170334340	47	2241	Weekday	Out
2020-10-14 05:30:03	45.734013	-122.551498	3	33.5541	170334340	170334340	47	2241	Weekday	Out
2020-10-14 05:30:08	45.734742	-122.55146	2	35.79104	170334340	170334340	47	2241	Weekday	Out
2020-10-14 05:30:13	45.735517	-122.551428	2	38.02798	170334340	170334340	47	2241	Weekday	Out
2020-10-14 05:30:18	45.736317	-122.551437	0	38.02798	170334340	170334340	47	2241	Weekday	Out
2020-10-14 05:30:23	45.737137	-122.551453	359	40.26492	170334340	170334340	47	2241	Weekday	Out
2020-10-14 05:30:28	45.737965	-122.55147	359	40.26492	170334340	170334340	47	2241	Weekday	Out
2020-10-14 05:30:33	45.738817	-122.551485	359	42.50186	170334340	170334340	47	2241	Weekday	Out
2020-10-14 05:30:38	45.73968	-122.5515	359	42.50186	170334340	170334340	47	2241	Weekday	Out
2020-10-14 05:30:43	45.740563	-122.551513	359	42.50186	170334340	170334340	47	2241	Weekday	Out
2020-10-14 05:30:48	45.741465	-122.551525	359	42.50186	170334340	170334340	47	2241	Weekday	Out
2020-10-14 05:30:53	45.74236	-122.551533	0	42.50186	170334340	170334340	47	2241	Weekday	Out
2020-10-14 05:30:58	45.743245	-122.551547	359	42.50186	170334340	170334340	47	2241	Weekday	Out
2020-10-14 05:31:03	45.744087	-122.551557	0	40.26492	170334340	170334340	47	2241	Weekday	Out
2020-10-14 05:31:08	45.744888	-122.551513	2	38.02798	170334340	170334340	47	2241	Weekday	Out
2020-10-14 05:31:13	45.745673	-122.55136	8	38.02798	170334340	170334340	47	2241	Weekday	Out
2020-10-14 05:31:18	45.74645	-122.551103	13	38.02798	170334340	170334340	47	2241	Weekday	Out
2020-10-14 05:31:23	45.747213	-122.550725	19	38.02798	170334340	170334340	47	2241	Weekday	Out
2020-10-14 05:31:28	45.747957	-122.550242	24	40.26492	170334340	170334340	47	2241	Weekday	Out
2020-10-14 05:31:33	45.748678	-122.549692	28	40.26492	170334340	170334340	47	2241	Weekday	Out
2020-10-14 05:31:38	45.749383	-122.549147	28	38.02798	170334340	170334340	47	2241	Weekday	Out
2020-10-14 05:31:43	45.75009	-122.548612	28	38.02798	170334340	170334340	47	2241	Weekday	Out
2020-10-14 05:31:48	45.750807	-122.548115	26	33.5541	170334340	170334340	47	2241	Weekday	Out
2020-10-14 05:31:53	45.751555	-122.547717	20	38.02798	170334340	170334340	47	2241	Weekday	Out
2020-10-14 05:31:58	45.752342	-122.547432	14	38.02798	170334340	170334340	47	2241	Weekday	Out
2020-10-14 05:32:03	45.753168	-122.54726	8	40.26492	170334340	170334340	47	2241	Weekday	Out
2020-10-14 05:32:08	45.754005	-122.547193	3	40.26492	170334340	170334340	47	2241	Weekday	Out
2020-10-14 05:32:13	45.754842	-122.547198	0	40.26492	170334340	170334340	47	2241	Weekday	Out
2020-10-14 05:32:18	45.755658	-122.547208	0	40.26492	170334340	170334340	47	2241	Weekday	Out
2020-10-14 05:32:23	45.756465	-122.547217	0	38.02798	170334340	170334340	47	2241	Weekday	Out
2020-10-14 05:32:28	45.757262	-122.547225	0	38.02798	170334340	170334340	47	2241	Weekday	Out
2020-10-14 05:32:33	45.758048	-122.547225	0	38.02798	170334340	170334340	47	2241	Weekday	Out
2020-10-14 05:32:38	45.75882	-122.547227	0	38.02798	170334340	170334340	47	2241	Weekday	Out
2020-10-14 05:32:43	45.759605	-122.547237	359	38.02798	170334340	170334340	47	2241	Weekday	Out
2020-10-14 05:32:48	45.760412	-122.547248	359	38.02798	170334340	170334340	47	2241	Weekday	Out
2020-10-14 05:32:53	45.761225	-122.547255	0	40.26492	170334340	170334340	47	2241	Weekday	Out
2020-10-14 05:32:58	45.762033	-122.547263	0	38.02798	170334340	170334340	47	2241	Weekday	Out
2020-10-14 05:33:03	45.762843	-122.54727	0	40.26492	170334340	170334340	47	2241	Weekday	Out
2020-10-14 05:33:08	45.763668	-122.547278	0	40.26492	170334340	170334340	47	2241	Weekday	Out
2020-10-14 05:33:13	45.76448	-122.547285	0	38.02798	170334340	170334340	47	2241	Weekday	Out
2020-10-14 05:33:18	45.765155	-122.54729	0	31.31716	170334340	170334340	47	2241	Weekday	Out
2020-10-14 05:33:23	45.76569	-122.547288	0	24.60634	170334340	170334340	47	2241	Weekday	Out
2020-10-14 05:33:28	45.76601	-122.547288	0	15.65858	170334340	170334340	47	2241	Weekday	Out
2020-10-14 05:33:33	45.766377	-122.547293	359	17.89552	170334340	170334340	47	2241	Weekday	Out
2020-10-14 05:33:38	45.766938	-122.547293	0	26.84328	170334340	170334340	47	2241	Weekday	Out
2020-10-14 05:33:43	45.767632	-122.547295	0	33.5541	170334340	170334340	47	2241	Weekday	Out
2020-10-14 05:33:48	45.768407	-122.547298	0	38.02798	170334340	170334340	47	2241	Weekday	Out
2020-10-14 05:33:53	45.769242	-122.547308	0	40.26492	170334340	170334340	47	2241	Weekday	Out
2020-10-14 05:33:58	45.770122	-122.547318	0	42.50186	170334340	170334340	47	2241	Weekday	Out
2020-10-14 05:34:03	45.771038	-122.547333	359	44.7388	170334340	170334340	47	2241	Weekday	Out
2020-10-14 05:34:08	45.771985	-122.547348	359	46.97574	170334340	170334340	47	2241	Weekday	Out
2020-10-14 05:34:13	45.772933	-122.54738	359	44.7388	170334340	170334340	47	2241	Weekday	Out
2020-10-14 05:34:18	45.773868	-122.547397	359	44.7388	170334340	170334340	47	2241	Weekday	Out
2020-10-14 05:34:23	45.774773	-122.54741	359	42.50186	170334340	170334340	47	2241	Weekday	Out
2020-10-14 05:34:28	45.775653	-122.547423	359	42.50186	170334340	170334340	47	2241	Weekday	Out
2020-10-14 05:34:33	45.776513	-122.547437	359	42.50186	170334340	170334340	47	2241	Weekday	Out
2020-10-14 05:34:38	45.777353	-122.547445	0	40.26492	170334340	170334340	47	2241	Weekday	Out
2020-10-14 05:34:43	45.778182	-122.547458	359	40.26492	170334340	170334340	47	2241	Weekday	Out
2020-10-14 05:34:48	45.778967	-122.547467	0	38.02798	170334340	170334340	47	2241	Weekday	Out
2020-10-14 05:34:53	45.779677	-122.547435	2	33.5541	170334340	170334340	47	2241	Weekday	Out
2020-10-14 05:34:58	45.780238	-122.547435	0	26.84328	170334340	170334340	47	2241	Weekday	Out
2020-10-14 05:35:03	45.78056	-122.547435	0	13.42164	170334340	170334340	47	2241	Weekday	Out
2020-10-14 05:35:18	45.78063	-122.547418	9	0	170334340	170334340	47	2241	Weekday	Out
2020-10-14 05:35:23	45.780693	-122.547187	69	8.94776	170334340	170334340	47	2241	Weekday	Out
2020-10-14 05:35:28	45.780678	-122.546687	92	17.89552	170334340	170334340	47	2241	Weekday	Out
2020-10-14 05:35:33	45.780677	-122.546185	90	15.65858	170334340	170334340	47	2241	Weekday	Out
2020-10-14 05:35:38	45.780675	-122.545977	91	4.47388	170334340	170334340	47	2241	Weekday	Out
2020-10-14 05:40:29	45.780688	-122.545552	87	0	170334340	170334340	47	2241	Weekday	Out
2020-10-14 05:40:34	45.7807	-122.544982	88	17.89552	170334340	170334340	47	2241	Weekday	Out
2020-10-14 05:40:39	45.780702	-122.544383	90	20.13246	170334340	170334340	47	2241	Weekday	Out
2020-10-14 05:40:44	45.780708	-122.543773	89	20.13246	170334340	170334340	47	2241	Weekday	Out
2020-10-14 05:40:49	45.780717	-122.543153	89	20.13246	170334340	170334340	47	2241	Weekday	Out
2020-10-14 05:40:54	45.780723	-122.542522	89	20.13246	170334340	170334340	47	2241	Weekday	Out
2020-10-14 05:40:59	45.780735	-122.541893	88	20.13246	170334340	170334340	47	2241	Weekday	Out
2020-10-14 05:41:04	45.780745	-122.541265	89	20.13246	170334340	170334340	47	2241	Weekday	Out
2020-10-14 05:41:09	45.780753	-122.540643	89	20.13246	170334340	170334340	47	2241	Weekday	Out
2020-10-14 05:41:14	45.78076	-122.540003	89	20.13246	170334340	170334340	47	2241	Weekday	Out
2020-10-14 05:41:19	45.780768	-122.539348	89	22.3694	170334340	170334340	47	2241	Weekday	Out
2020-10-14 05:41:24	45.780785	-122.538702	88	22.3694	170334340	170334340	47	2241	Weekday	Out
2020-10-14 05:41:29	45.780828	-122.538068	84	20.13246	170334340	170334340	47	2241	Weekday	Out
2020-10-14 05:41:34	45.78084	-122.537435	88	20.13246	170334340	170334340	47	2241	Weekday	Out
2020-10-14 05:41:39	45.780837	-122.536833	90	20.13246	170334340	170334340	47	2241	Weekday	Out
2020-10-14 05:41:49	45.780842	-122.53558	90	20.13246	170334340	170334340	47	2241	Weekday	Out
2020-10-14 05:41:54	45.780858	-122.53496	88	20.13246	170334340	170334340	47	2241	Weekday	Out
2020-10-14 05:41:59	45.78088	-122.534327	87	20.13246	170334340	170334340	47	2241	Weekday	Out
2020-10-14 05:42:04	45.78089	-122.533695	89	20.13246	170334340	170334340	47	2241	Weekday	Out
2020-10-14 05:42:09	45.780898	-122.533067	89	20.13246	170334340	170334340	47	2241	Weekday	Out
2020-10-14 05:42:14	45.780908	-122.53243	89	20.13246	170334340	170334340	47	2241	Weekday	Out
2020-10-14 05:42:19	45.780915	-122.531773	89	22.3694	170334340	170334340	47	2241	Weekday	Out
2020-10-14 05:42:24	45.780925	-122.531123	89	22.3694	170334340	170334340	47	2241	Weekday	Out
2020-10-14 05:42:29	45.780935	-122.530515	89	20.13246	170334340	170334340	47	2241	Weekday	Out
2020-10-14 05:42:34	45.780943	-122.529928	89	20.13246	170334340	170334340	47	2241	Weekday	Out
2020-10-14 05:42:39	45.780952	-122.52943	89	15.65858	170334340	170334340	47	2241	Weekday	Out
2020-10-14 05:42:44	45.781017	-122.529143	72	8.94776	170334340	170334340	47	2241	Weekday	Out
2020-10-14 05:42:49	45.781273	-122.529138	1	11.1847	170334340	170334340	47	2241	Weekday	Out
2020-10-14 05:42:54	45.781672	-122.529162	358	17.89552	170334340	170334340	47	2241	Weekday	Out
2020-10-14 05:42:59	45.782102	-122.529177	359	20.13246	170334340	170334340	47	2241	Weekday	Out
2020-10-14 05:43:04	45.782547	-122.529098	7	22.3694	170334340	170334340	47	2241	Weekday	Out
2020-10-14 05:43:09	45.782988	-122.528927	15	22.3694	170334340	170334340	47	2241	Weekday	Out
2020-10-14 05:43:14	45.783422	-122.528752	16	22.3694	170334340	170334340	47	2241	Weekday	Out
2020-10-14 05:43:19	45.783865	-122.528553	17	22.3694	170334340	170334340	47	2241	Weekday	Out
2020-10-14 05:43:24	45.7843	-122.528275	24	22.3694	170334340	170334340	47	2241	Weekday	Out
2020-10-14 05:43:29	45.784722	-122.52792	30	22.3694	170334340	170334340	47	2241	Weekday	Out
2020-10-14 05:43:34	45.785112	-122.527487	38	22.3694	170334340	170334340	47	2241	Weekday	Out
2020-10-14 05:43:39	45.785423	-122.527058	44	20.13246	170334340	170334340	47	2241	Weekday	Out
2020-10-14 05:43:44	45.785802	-122.526797	26	20.13246	170334340	170334340	47	2241	Weekday	Out
2020-10-14 05:43:49	45.786295	-122.526775	2	22.3694	170334340	170334340	47	2241	Weekday	Out
2020-10-14 05:43:54	45.7868	-122.526775	0	24.60634	170334340	170334340	47	2241	Weekday	Out
2020-10-14 05:43:59	45.78729	-122.52677	0	22.3694	170334340	170334340	47	2241	Weekday	Out
2020-10-14 05:44:04	45.787777	-122.526763	1	22.3694	170334340	170334340	47	2241	Weekday	Out
2020-10-14 05:44:09	45.788333	-122.526752	1	26.84328	170334340	170334340	47	2241	Weekday	Out
2020-10-14 05:44:14	45.788932	-122.526738	1	29.08022	170334340	170334340	47	2241	Weekday	Out
2020-10-14 05:44:19	45.789545	-122.526733	0	29.08022	170334340	170334340	47	2241	Weekday	Out
2020-10-14 05:44:24	45.790167	-122.526725	1	29.08022	170334340	170334340	47	2241	Weekday	Out
2020-10-14 05:44:29	45.790787	-122.52672	0	29.08022	170334340	170334340	47	2241	Weekday	Out
2020-10-14 05:44:34	45.79142	-122.526713	0	31.31716	170334340	170334340	47	2241	Weekday	Out
2020-10-14 05:44:39	45.792063	-122.52671	0	31.31716	170334340	170334340	47	2241	Weekday	Out
2020-10-14 05:44:44	45.792698	-122.526697	1	31.31716	170334340	170334340	47	2241	Weekday	Out
2020-10-14 05:44:49	45.793312	-122.526688	1	29.08022	170334340	170334340	47	2241	Weekday	Out
2020-10-14 05:44:53	45.793905	-122.526677	1	35.79104	170334340	170334340	47	2241	Weekday	Out
2020-10-14 05:44:59	45.794497	-122.52667	0	22.3694	170334340	170334340	47	2241	Weekday	Out
2020-10-14 05:45:03	45.795068	-122.52666	1	33.5541	170334340	170334340	47	2241	Weekday	Out
2020-10-14 05:45:08	45.795627	-122.526655	0	26.84328	170334340	170334340	47	2241	Weekday	Out
2020-10-14 05:45:13	45.796192	-122.526663	359	26.84328	170334340	170334340	47	2241	Weekday	Out
2020-10-14 05:45:18	45.796768	-122.526675	359	26.84328	170334340	170334340	47	2241	Weekday	Out
2020-10-14 05:45:23	45.79734	-122.526683	359	26.84328	170334340	170334340	47	2241	Weekday	Out
2020-10-14 05:45:28	45.7979	-122.526693	359	26.84328	170334340	170334340	47	2241	Weekday	Out
2020-10-14 05:45:33	45.798452	-122.526702	359	26.84328	170334340	170334340	47	2241	Weekday	Out
2020-10-14 05:45:38	45.799008	-122.526712	359	26.84328	170334340	170334340	47	2241	Weekday	Out
2020-10-14 05:45:43	45.799573	-122.526727	359	26.84328	170334340	170334340	47	2241	Weekday	Out
2020-10-14 05:45:48	45.800147	-122.526742	359	26.84328	170334340	170334340	47	2241	Weekday	Out
2020-10-14 05:45:53	45.800708	-122.526758	359	26.84328	170334340	170334340	47	2241	Weekday	Out
2020-10-14 05:45:58	45.801262	-122.526773	359	26.84328	170334340	170334340	47	2241	Weekday	Out
2020-10-14 05:46:03	45.801813	-122.52679	359	26.84328	170334340	170334340	47	2241	Weekday	Out
2020-10-14 05:46:08	45.802357	-122.526797	0	26.84328	170334340	170334340	47	2241	Weekday	Out
2020-10-14 05:46:13	45.802907	-122.526798	0	26.84328	170334340	170334340	47	2241	Weekday	Out
2020-10-14 05:46:18	45.803463	-122.526797	0	26.84328	170334340	170334340	47	2241	Weekday	Out
2020-10-14 05:46:23	45.804002	-122.526807	359	24.60634	170334340	170334340	47	2241	Weekday	Out
2020-10-14 05:46:28	45.804543	-122.526818	359	26.84328	170334340	170334340	47	2241	Weekday	Out
2020-10-14 05:46:33	45.805095	-122.526842	358	26.84328	170334340	170334340	47	2241	Weekday	Out
2020-10-14 05:46:38	45.805623	-122.526825	1	24.60634	170334340	170334340	47	2241	Weekday	Out
2020-10-14 05:46:43	45.806028	-122.526678	14	20.13246	170334340	170334340	47	2241	Weekday	Out
2020-10-14 05:46:48	45.806413	-122.526338	32	22.3694	170334340	170334340	47	2241	Weekday	Out
2020-10-14 05:46:53	45.806775	-122.525797	46	24.60634	170334340	170334340	47	2241	Weekday	Out
2020-10-14 05:46:58	45.807103	-122.525177	53	26.84328	170334340	170334340	47	2241	Weekday	Out
2020-10-14 05:47:03	45.80744	-122.524547	53	26.84328	170334340	170334340	47	2241	Weekday	Out
2020-10-14 05:47:08	45.807797	-122.523947	50	22.3694	170334340	170334340	47	2241	Weekday	Out
2020-10-14 05:47:13	45.808185	-122.523352	47	31.31716	170334340	170334340	47	2241	Weekday	Out
2020-10-14 05:47:18	45.808565	-122.522772	47	24.60634	170334340	170334340	47	2241	Weekday	Out
2020-10-14 05:47:23	45.808973	-122.522227	43	26.84328	170334340	170334340	47	2241	Weekday	Out
2020-10-14 05:47:28	45.80945	-122.521872	27	29.08022	170334340	170334340	47	2241	Weekday	Out
2020-10-14 05:47:33	45.809977	-122.521767	8	22.3694	170334340	170334340	47	2241	Weekday	Out
2020-10-14 05:47:38	45.810575	-122.521773	0	29.08022	170334340	170334340	47	2241	Weekday	Out
2020-10-14 05:47:43	45.8112	-122.521777	0	29.08022	170334340	170334340	47	2241	Weekday	Out
2020-10-14 05:47:48	45.811818	-122.521778	0	29.08022	170334340	170334340	47	2241	Weekday	Out
2020-10-14 05:47:53	45.812458	-122.52178	0	31.31716	170334340	170334340	47	2241	Weekday	Out
2020-10-14 05:47:58	45.813102	-122.52178	0	31.31716	170334340	170334340	47	2241	Weekday	Out
2020-10-14 05:48:03	45.813748	-122.521777	0	31.31716	170334340	170334340	47	2241	Weekday	Out
2020-10-14 05:48:08	45.814382	-122.521775	0	31.31716	170334340	170334340	47	2241	Weekday	Out
2020-10-14 05:48:13	45.814998	-122.521772	0	29.08022	170334340	170334340	47	2241	Weekday	Out
2020-10-14 05:48:18	45.815615	-122.521772	0	29.08022	170334340	170334340	47	2241	Weekday	Out
2020-10-14 05:48:23	45.816228	-122.521773	0	29.08022	170334340	170334340	47	2241	Weekday	Out
2020-10-14 05:48:28	45.816805	-122.521775	0	26.84328	170334340	170334340	47	2241	Weekday	Out
2020-10-14 05:48:33	45.817388	-122.521777	0	29.08022	170334340	170334340	47	2241	Weekday	Out
2020-10-14 05:48:38	45.817982	-122.521778	0	29.08022	170334340	170334340	47	2241	Weekday	Out
2020-10-14 05:48:43	45.818605	-122.521782	0	29.08022	170334340	170334340	47	2241	Weekday	Out
2020-10-14 05:48:48	45.819217	-122.52178	0	29.08022	170334340	170334340	47	2241	Weekday	Out
2020-10-14 05:48:53	45.819838	-122.521768	1	29.08022	170334340	170334340	47	2241	Weekday	Out
2020-10-14 05:48:58	45.820488	-122.521763	0	31.31716	170334340	170334340	47	2241	Weekday	Out
2020-10-14 05:49:03	45.82113	-122.521762	0	31.31716	170334340	170334340	47	2241	Weekday	Out
2020-10-14 05:49:08	45.821742	-122.52176	0	29.08022	170334340	170334340	47	2241	Weekday	Out
2020-10-14 05:49:13	45.82234	-122.52176	0	29.08022	170334340	170334340	47	2241	Weekday	Out
2020-10-14 05:49:18	45.822968	-122.521763	0	29.08022	170334340	170334340	47	2241	Weekday	Out
2020-10-14 05:49:23	45.82356	-122.52177	0	29.08022	170334340	170334340	47	2241	Weekday	Out
2020-10-14 05:49:28	45.824062	-122.52163	11	24.60634	170334340	170334340	47	2241	Weekday	Out
2020-10-14 05:49:33	45.824437	-122.521175	40	24.60634	170334340	170334340	47	2241	Weekday	Out
2020-10-14 05:49:38	45.824562	-122.520543	74	22.3694	170334340	170334340	47	2241	Weekday	Out
2020-10-14 05:49:43	45.82454	-122.51985	93	22.3694	170334340	170334340	47	2241	Weekday	Out
2020-10-14 05:49:48	45.824522	-122.51908	92	26.84328	170334340	170334340	47	2241	Weekday	Out
2020-10-14 05:49:53	45.824507	-122.518278	92	26.84328	170334340	170334340	47	2241	Weekday	Out
2020-10-14 05:49:58	45.824488	-122.517442	92	29.08022	170334340	170334340	47	2241	Weekday	Out
2020-10-14 05:50:03	45.824493	-122.51656	90	29.08022	170334340	170334340	47	2241	Weekday	Out
2020-10-14 05:50:08	45.824518	-122.515658	88	31.31716	170334340	170334340	47	2241	Weekday	Out
2020-10-14 05:50:13	45.824535	-122.514777	88	29.08022	170334340	170334340	47	2241	Weekday	Out
2020-10-14 05:50:18	45.824533	-122.51397	90	26.84328	170334340	170334340	47	2241	Weekday	Out
2020-10-14 05:50:23	45.824417	-122.513318	104	22.3694	170334340	170334340	47	2241	Weekday	Out
2020-10-14 05:50:28	45.82415	-122.512753	124	22.3694	170334340	170334340	47	2241	Weekday	Out
2020-10-14 05:50:33	45.823773	-122.512237	136	24.60634	170334340	170334340	47	2241	Weekday	Out
2020-10-14 05:50:38	45.823488	-122.511702	127	22.3694	170334340	170334340	47	2241	Weekday	Out
2020-10-14 05:50:43	45.823405	-122.51101	100	22.3694	170334340	170334340	47	2241	Weekday	Out
2020-10-14 05:50:48	45.823515	-122.510258	78	24.60634	170334340	170334340	47	2241	Weekday	Out
2020-10-14 05:50:53	45.823658	-122.509493	75	26.84328	170334340	170334340	47	2241	Weekday	Out
2020-10-14 05:50:58	45.82377	-122.508757	78	24.60634	170334340	170334340	47	2241	Weekday	Out
2020-10-14 05:51:03	45.82372	-122.508035	96	24.60634	170334340	170334340	47	2241	Weekday	Out
2020-10-14 05:51:08	45.823457	-122.507385	120	24.60634	170334340	170334340	47	2241	Weekday	Out
2020-10-14 05:51:13	45.823118	-122.506843	132	24.60634	170334340	170334340	47	2241	Weekday	Out
2020-10-14 05:51:18	45.822958	-122.506328	114	17.89552	170334340	170334340	47	2241	Weekday	Out
2020-10-14 05:51:23	45.823098	-122.505745	71	20.13246	170334340	170334340	47	2241	Weekday	Out
2020-10-14 05:51:28	45.82354	-122.505383	30	24.60634	170334340	170334340	47	2241	Weekday	Out
2020-10-14 05:51:33	45.82403	-122.505092	23	24.60634	170334340	170334340	47	2241	Weekday	Out
2020-10-14 05:51:38	45.824388	-122.504633	42	22.3694	170334340	170334340	47	2241	Weekday	Out
2020-10-14 05:51:43	45.824513	-122.504032	73	20.13246	170334340	170334340	47	2241	Weekday	Out
2020-10-14 05:51:48	45.824515	-122.503305	90	24.60634	170334340	170334340	47	2241	Weekday	Out
2020-10-14 05:51:53	45.824518	-122.502512	90	26.84328	170334340	170334340	47	2241	Weekday	Out
2020-10-14 05:51:58	45.824522	-122.501697	90	26.84328	170334340	170334340	47	2241	Weekday	Out
2020-10-14 05:52:03	45.824525	-122.50087	90	26.84328	170334340	170334340	47	2241	Weekday	Out
2020-10-14 05:52:08	45.82453	-122.500022	90	29.08022	170334340	170334340	47	2241	Weekday	Out
2020-10-14 05:52:13	45.824535	-122.499193	90	26.84328	170334340	170334340	47	2241	Weekday	Out
2020-10-14 05:52:18	45.824538	-122.49837	90	26.84328	170334340	170334340	47	2241	Weekday	Out
2020-10-14 05:52:23	45.824538	-122.497553	90	26.84328	170334340	170334340	47	2241	Weekday	Out
2020-10-14 05:52:28	45.82454	-122.496798	90	24.60634	170334340	170334340	47	2241	Weekday	Out
2020-10-14 05:52:33	45.824542	-122.4961	90	22.3694	170334340	170334340	47	2241	Weekday	Out
2020-10-14 05:52:38	45.82455	-122.495638	89	13.42164	170334340	170334340	47	2241	Weekday	Out
2020-10-14 05:52:43	45.824657	-122.49547	48	6.71082	170334340	170334340	47	2241	Weekday	Out
2020-10-14 05:52:48	45.825015	-122.495478	359	17.89552	170334340	170334340	47	2241	Weekday	Out
2020-10-14 05:52:53	45.825558	-122.495485	0	26.84328	170334340	170334340	47	2241	Weekday	Out
2020-10-14 05:52:58	45.826118	-122.4955	359	26.84328	170334340	170334340	47	2241	Weekday	Out
2020-10-14 05:53:03	45.826673	-122.495517	359	26.84328	170334340	170334340	47	2241	Weekday	Out
2020-10-14 05:53:08	45.827232	-122.495527	359	26.84328	170334340	170334340	47	2241	Weekday	Out
2020-10-14 05:53:13	45.827793	-122.495537	359	26.84328	170334340	170334340	47	2241	Weekday	Out
2020-10-14 05:53:18	45.82834	-122.495542	0	26.84328	170334340	170334340	47	2241	Weekday	Out
2020-10-14 05:53:23	45.828873	-122.49555	359	24.60634	170334340	170334340	47	2241	Weekday	Out
2020-10-14 05:53:28	45.829415	-122.495553	0	26.84328	170334340	170334340	47	2241	Weekday	Out
2020-10-14 05:53:33	45.829957	-122.495558	0	26.84328	170334340	170334340	47	2241	Weekday	Out
2020-10-14 05:53:38	45.830507	-122.495565	0	26.84328	170334340	170334340	47	2241	Weekday	Out
2020-10-14 05:53:43	45.831057	-122.495568	0	26.84328	170334340	170334340	47	2241	Weekday	Out
2020-10-14 05:53:48	45.831605	-122.495567	0	26.84328	170334340	170334340	47	2241	Weekday	Out
2020-10-14 05:53:53	45.832115	-122.495485	6	24.60634	170334340	170334340	47	2241	Weekday	Out
2020-10-14 05:53:58	45.832558	-122.495363	11	20.13246	170334340	170334340	47	2241	Weekday	Out
2020-10-14 05:54:03	45.832935	-122.495167	20	20.13246	170334340	170334340	47	2241	Weekday	Out
2020-10-14 05:54:08	45.833313	-122.49473	39	22.3694	170334340	170334340	47	2241	Weekday	Out
2020-10-14 05:54:13	45.833745	-122.494418	27	22.3694	170334340	170334340	47	2241	Weekday	Out
2020-10-14 05:54:18	45.834198	-122.494337	7	20.13246	170334340	170334340	47	2241	Weekday	Out
2020-10-14 05:54:23	45.834435	-122.494327	2	8.94776	170334340	170334340	47	2241	Weekday	Out
2020-10-14 05:54:28	45.834492	-122.494313	9	2.23694	170334340	170334340	47	2241	Weekday	Out
2020-10-14 05:54:33	45.834593	-122.4941	56	8.94776	170334340	170334340	47	2241	Weekday	Out
2020-10-14 05:54:39	45.83446	-122.493317	104	22.3694	170334340	170334340	47	2241	Weekday	Out
2020-10-14 05:54:44	45.834325	-122.492598	105	24.60634	170334340	170334340	47	2241	Weekday	Out
2020-10-14 05:54:49	45.834213	-122.491878	103	24.60634	170334340	170334340	47	2241	Weekday	Out
2020-10-14 05:54:54	45.834127	-122.49111	99	26.84328	170334340	170334340	47	2241	Weekday	Out
2020-10-14 05:55:00	45.834063	-122.490165	95	24.60634	170334340	170334340	47	2241	Weekday	Out
2020-10-14 05:55:05	45.834027	-122.489365	94	26.84328	170334340	170334340	47	2241	Weekday	Out
2020-10-14 05:55:10	45.834082	-122.488588	84	26.84328	170334340	170334340	47	2241	Weekday	Out
2020-10-14 05:55:15	45.834288	-122.487833	69	26.84328	170334340	170334340	47	2241	Weekday	Out
2020-10-14 05:55:20	45.834488	-122.487133	68	24.60634	170334340	170334340	47	2241	Weekday	Out
2020-10-14 05:55:25	45.83459	-122.486502	77	22.3694	170334340	170334340	47	2241	Weekday	Out
2020-10-14 05:55:30	45.834577	-122.485723	91	26.84328	170334340	170334340	47	2241	Weekday	Out
2020-10-14 05:55:35	45.834552	-122.48488	92	29.08022	170334340	170334340	47	2241	Weekday	Out
2020-10-14 05:55:40	45.834537	-122.484058	92	26.84328	170334340	170334340	47	2241	Weekday	Out
2020-10-14 05:55:45	45.834595	-122.483248	84	26.84328	170334340	170334340	47	2241	Weekday	Out
2020-10-14 05:55:50	45.834717	-122.482478	77	26.84328	170334340	170334340	47	2241	Weekday	Out
2020-10-14 05:55:55	45.834832	-122.481733	78	24.60634	170334340	170334340	47	2241	Weekday	Out
2020-10-14 05:56:00	45.834957	-122.480942	77	26.84328	170334340	170334340	47	2241	Weekday	Out
2020-10-14 05:56:05	45.835103	-122.480163	75	26.84328	170334340	170334340	47	2241	Weekday	Out
2020-10-14 05:56:10	45.835237	-122.479407	76	26.84328	170334340	170334340	47	2241	Weekday	Out
2020-10-14 05:56:15	45.835297	-122.478712	83	22.3694	170334340	170334340	47	2241	Weekday	Out
2020-10-14 05:56:20	45.835295	-122.478102	90	20.13246	170334340	170334340	47	2241	Weekday	Out
2020-10-14 05:56:25	45.83529	-122.477522	91	20.13246	170334340	170334340	47	2241	Weekday	Out
2020-10-14 05:56:30	45.835292	-122.476795	90	24.60634	170334340	170334340	47	2241	Weekday	Out
2020-10-14 05:56:35	45.835297	-122.47602	89	24.60634	170334340	170334340	47	2241	Weekday	Out
2020-10-14 05:56:40	45.835297	-122.475277	90	24.60634	170334340	170334340	47	2241	Weekday	Out
2020-10-14 05:56:45	45.835287	-122.47452	91	24.60634	170334340	170334340	47	2241	Weekday	Out
2020-10-14 05:56:50	45.835285	-122.473747	90	26.84328	170334340	170334340	47	2241	Weekday	Out
2020-10-14 05:56:55	45.835338	-122.472952	85	26.84328	170334340	170334340	47	2241	Weekday	Out
2020-10-14 05:57:00	45.835433	-122.472162	80	26.84328	170334340	170334340	47	2241	Weekday	Out
2020-10-14 05:57:05	45.83553	-122.471403	80	24.60634	170334340	170334340	47	2241	Weekday	Out
2020-10-14 05:57:10	45.835695	-122.470735	70	24.60634	170334340	170334340	47	2241	Weekday	Out
2020-10-14 05:57:15	45.835967	-122.470103	58	24.60634	170334340	170334340	47	2241	Weekday	Out
2020-10-14 05:57:20	45.836223	-122.469428	61	24.60634	170334340	170334340	47	2241	Weekday	Out
2020-10-14 05:57:25	45.836415	-122.46867	70	26.84328	170334340	170334340	47	2241	Weekday	Out
2020-10-14 05:57:30	45.836558	-122.467972	74	24.60634	170334340	170334340	47	2241	Weekday	Out
2020-10-14 05:57:35	45.836662	-122.467368	76	20.13246	170334340	170334340	47	2241	Weekday	Out
2020-10-14 05:57:40	45.836712	-122.466625	84	24.60634	170334340	170334340	47	2241	Weekday	Out
2020-10-14 05:57:47	45.836812	-122.465978	77	15.65858	170334340	170334340	47	2241	Weekday	Out
2020-10-14 05:57:52	45.837117	-122.46544	51	22.3694	170334340	170334340	47	2241	Weekday	Out
2020-10-14 05:57:57	45.837493	-122.464937	43	24.60634	170334340	170334340	47	2241	Weekday	Out
2020-10-14 05:58:02	45.837863	-122.464408	45	24.60634	170334340	170334340	47	2241	Weekday	Out
2020-10-14 05:58:07	45.838208	-122.463827	50	24.60634	170334340	170334340	47	2241	Weekday	Out
2020-10-14 05:58:12	45.838528	-122.463282	50	22.3694	170334340	170334340	47	2241	Weekday	Out
2020-10-14 05:58:17	45.838807	-122.462735	54	22.3694	170334340	170334340	47	2241	Weekday	Out
2020-10-14 05:58:22	45.839045	-122.462053	63	24.60634	170334340	170334340	47	2241	Weekday	Out
2020-10-14 05:58:27	45.839293	-122.46134	63	26.84328	170334340	170334340	47	2241	Weekday	Out
2020-10-14 05:58:32	45.839542	-122.460635	63	26.84328	170334340	170334340	47	2241	Weekday	Out
2020-10-14 05:58:37	45.839797	-122.459912	63	26.84328	170334340	170334340	47	2241	Weekday	Out
2020-10-14 05:58:42	45.840045	-122.459187	64	26.84328	170334340	170334340	47	2241	Weekday	Out
2020-10-14 05:58:47	45.840258	-122.458555	64	22.3694	170334340	170334340	47	2241	Weekday	Out
2020-10-14 05:58:52	45.840437	-122.457852	70	24.60634	170334340	170334340	47	2241	Weekday	Out
2020-10-14 05:58:57	45.840548	-122.457137	77	24.60634	170334340	170334340	47	2241	Weekday	Out
2020-10-14 05:59:02	45.840608	-122.456368	84	26.84328	170334340	170334340	47	2241	Weekday	Out
2020-10-14 05:59:07	45.84064	-122.455605	87	24.60634	170334340	170334340	47	2241	Weekday	Out
2020-10-14 05:59:12	45.840647	-122.454855	89	24.60634	170334340	170334340	47	2241	Weekday	Out
2020-10-14 05:59:17	45.840643	-122.454092	90	24.60634	170334340	170334340	47	2241	Weekday	Out
2020-10-14 05:59:22	45.84065	-122.45332	89	24.60634	170334340	170334340	47	2241	Weekday	Out
2020-10-14 05:59:27	45.840632	-122.452552	92	24.60634	170334340	170334340	47	2241	Weekday	Out
2020-10-14 05:59:32	45.840595	-122.451793	94	24.60634	170334340	170334340	47	2241	Weekday	Out
2020-10-14 05:59:37	45.840615	-122.451055	88	24.60634	170334340	170334340	47	2241	Weekday	Out
2020-10-14 05:59:42	45.840687	-122.450373	81	22.3694	170334340	170334340	47	2241	Weekday	Out
2020-10-14 05:59:47	45.840748	-122.449695	83	22.3694	170334340	170334340	47	2241	Weekday	Out
2020-10-14 05:59:52	45.84076	-122.448965	89	24.60634	170334340	170334340	47	2241	Weekday	Out
2020-10-14 05:59:57	45.840743	-122.448258	92	24.60634	170334340	170334340	47	2241	Weekday	Out
2020-10-14 06:00:02	45.840733	-122.447598	91	22.3694	170334340	170334340	47	2241	Weekday	Out
2020-10-14 06:00:07	45.840722	-122.446977	92	20.13246	170334340	170334340	47	2241	Weekday	Out
2020-10-14 06:00:12	45.840673	-122.446338	96	22.3694	170334340	170334340	47	2241	Weekday	Out
2020-10-14 06:00:17	45.840553	-122.445685	105	22.3694	170334340	170334340	47	2241	Weekday	Out
2020-10-14 06:00:22	45.84044	-122.445003	103	22.3694	170334340	170334340	47	2241	Weekday	Out
2020-10-14 06:00:27	45.840417	-122.444327	93	22.3694	170334340	170334340	47	2241	Weekday	Out
2020-10-14 06:00:32	45.840465	-122.443693	84	20.13246	170334340	170334340	47	2241	Weekday	Out
2020-10-14 06:00:37	45.840567	-122.442992	78	24.60634	170334340	170334340	47	2241	Weekday	Out
2020-10-14 06:00:41	45.84067	-122.442232	79	31.31716	170334340	170334340	47	2241	Weekday	Out
2020-10-14 06:00:46	45.840773	-122.441473	79	26.84328	170334340	170334340	47	2241	Weekday	Out
2020-10-14 06:00:51	45.84088	-122.440753	78	24.60634	170334340	170334340	47	2241	Weekday	Out
2020-10-14 06:00:56	45.841038	-122.44004	72	24.60634	170334340	170334340	47	2241	Weekday	Out
2020-10-14 06:01:01	45.841215	-122.439303	71	26.84328	170334340	170334340	47	2241	Weekday	Out
2020-10-14 06:01:06	45.841338	-122.438572	76	24.60634	170334340	170334340	47	2241	Weekday	Out
2020-10-14 06:01:11	45.841407	-122.437812	83	24.60634	170334340	170334340	47	2241	Weekday	Out
2020-10-14 06:01:16	45.841338	-122.437095	98	24.60634	170334340	170334340	47	2241	Weekday	Out
2020-10-14 06:01:21	45.84114	-122.436458	114	22.3694	170334340	170334340	47	2241	Weekday	Out
2020-10-14 06:01:26	45.840958	-122.435748	110	24.60634	170334340	170334340	47	2241	Weekday	Out
2020-10-14 06:01:31	45.840863	-122.435002	100	24.60634	170334340	170334340	47	2241	Weekday	Out
2020-10-14 06:01:36	45.84077	-122.43428	101	24.60634	170334340	170334340	47	2241	Weekday	Out
2020-10-14 06:01:41	45.840642	-122.433578	105	24.60634	170334340	170334340	47	2241	Weekday	Out
2020-10-14 06:01:46	45.84041	-122.432907	116	24.60634	170334340	170334340	47	2241	Weekday	Out
2020-10-14 06:01:51	45.840097	-122.432278	126	24.60634	170334340	170334340	47	2241	Weekday	Out
2020-10-14 06:01:56	45.839762	-122.431708	130	24.60634	170334340	170334340	47	2241	Weekday	Out
2020-10-14 06:02:01	45.839507	-122.431113	122	24.60634	170334340	170334340	47	2241	Weekday	Out
2020-10-14 06:02:06	45.839417	-122.430367	100	24.60634	170334340	170334340	47	2241	Weekday	Out
2020-10-14 06:02:11	45.839508	-122.429645	80	24.60634	170334340	170334340	47	2241	Weekday	Out
2020-10-14 06:02:16	45.839665	-122.428935	72	24.60634	170334340	170334340	47	2241	Weekday	Out
2020-10-14 06:02:21	45.839817	-122.428235	73	24.60634	170334340	170334340	47	2241	Weekday	Out
2020-10-14 06:02:26	45.839962	-122.427543	73	20.13246	170334340	170334340	47	2241	Weekday	Out
2020-10-14 06:02:31	45.840118	-122.426852	72	26.84328	170334340	170334340	47	2241	Weekday	Out
2020-10-14 06:02:36	45.840303	-122.42615	69	22.3694	170334340	170334340	47	2241	Weekday	Out
2020-10-14 06:02:41	45.840503	-122.42549	66	24.60634	170334340	170334340	47	2241	Weekday	Out
2020-10-14 06:02:46	45.840698	-122.424863	66	24.60634	170334340	170334340	47	2241	Weekday	Out
2020-10-14 06:02:51	45.840878	-122.424227	68	20.13246	170334340	170334340	47	2241	Weekday	Out
2020-10-14 06:02:56	45.841033	-122.423548	72	24.60634	170334340	170334340	47	2241	Weekday	Out
2020-10-14 06:03:01	45.841072	-122.422848	86	22.3694	170334340	170334340	47	2241	Weekday	Out
2020-10-14 06:03:06	45.840927	-122.422232	109	22.3694	170334340	170334340	47	2241	Weekday	Out
2020-10-14 06:03:11	45.840715	-122.421587	115	24.60634	170334340	170334340	47	2241	Weekday	Out
2020-10-14 06:03:16	45.840477	-122.420907	117	24.60634	170334340	170334340	47	2241	Weekday	Out
2020-10-14 06:03:21	45.840182	-122.420272	124	24.60634	170334340	170334340	47	2241	Weekday	Out
2020-10-14 06:03:26	45.839825	-122.419732	133	24.60634	170334340	170334340	47	2241	Weekday	Out
2020-10-14 06:03:31	45.839412	-122.419252	141	24.60634	170334340	170334340	47	2241	Weekday	Out
2020-10-14 06:03:36	45.839	-122.418767	141	24.60634	170334340	170334340	47	2241	Weekday	Out
2020-10-14 06:03:41	45.838578	-122.418303	143	24.60634	170334340	170334340	47	2241	Weekday	Out
2020-10-14 06:03:46	45.838147	-122.41783	143	26.84328	170334340	170334340	47	2241	Weekday	Out
2020-10-14 06:03:51	45.83775	-122.417365	141	24.60634	170334340	170334340	47	2241	Weekday	Out
2020-10-14 06:03:56	45.83738	-122.41681	134	26.84328	170334340	170334340	47	2241	Weekday	Out
2020-10-14 06:04:01	45.837062	-122.416117	123	26.84328	170334340	170334340	47	2241	Weekday	Out
2020-10-14 06:04:06	45.83679	-122.415365	117	29.08022	170334340	170334340	47	2241	Weekday	Out
2020-10-14 06:04:11	45.836523	-122.414623	117	26.84328	170334340	170334340	47	2241	Weekday	Out
2020-10-14 06:04:16	45.836258	-122.413892	117	26.84328	170334340	170334340	47	2241	Weekday	Out
2020-10-14 06:04:21	45.835993	-122.413162	118	26.84328	170334340	170334340	47	2241	Weekday	Out
2020-10-14 06:04:26	45.835747	-122.412473	117	24.60634	170334340	170334340	47	2241	Weekday	Out
2020-10-14 06:04:31	45.835505	-122.411845	119	24.60634	170334340	170334340	47	2241	Weekday	Out
2020-10-14 06:04:36	45.835307	-122.411343	120	17.89552	170334340	170334340	47	2241	Weekday	Out
2020-10-14 06:04:41	45.835205	-122.411095	120	8.94776	170334340	170334340	47	2241	Weekday	Out
2020-10-14 06:04:46	45.83519	-122.411055	118	0	170334340	170334340	47	2241	Weekday	Out
2020-10-14 06:04:51	45.835055	-122.410705	119	13.42164	170334340	170334340	47	2241	Weekday	Out
2020-10-14 06:04:56	45.834813	-122.410097	120	24.60634	170334340	170334340	47	2241	Weekday	Out
2020-10-14 06:05:01	45.834547	-122.409433	120	24.60634	170334340	170334340	47	2241	Weekday	Out
2020-10-14 06:05:06	45.834298	-122.408793	119	24.60634	170334340	170334340	47	2241	Weekday	Out
2020-10-14 06:05:11	45.834038	-122.408148	120	24.60634	170334340	170334340	47	2241	Weekday	Out
2020-10-14 06:05:16	45.833783	-122.407518	120	24.60634	170334340	170334340	47	2241	Weekday	Out
2020-10-14 06:05:21	45.833537	-122.406883	119	24.60634	170334340	170334340	47	2241	Weekday	Out
2020-10-14 06:05:26	45.83329	-122.40624	119	24.60634	170334340	170334340	47	2241	Weekday	Out
2020-10-14 06:05:31	45.833087	-122.405555	113	24.60634	170334340	170334340	47	2241	Weekday	Out
2020-10-14 06:05:36	45.832972	-122.404815	103	24.60634	170334340	170334340	47	2241	Weekday	Out
2020-10-14 06:05:41	45.832893	-122.404052	98	24.60634	170334340	170334340	47	2241	Weekday	Out
2020-10-14 06:05:46	45.832827	-122.403303	97	24.60634	170334340	170334340	47	2241	Weekday	Out
2020-10-14 06:05:51	45.832752	-122.402563	98	24.60634	170334340	170334340	47	2241	Weekday	Out
2020-10-14 06:05:56	45.832663	-122.401803	99	26.84328	170334340	170334340	47	2241	Weekday	Out
2020-10-14 06:06:01	45.832565	-122.401037	100	26.84328	170334340	170334340	47	2241	Weekday	Out
2020-10-14 06:06:06	45.832518	-122.40029	95	24.60634	170334340	170334340	47	2241	Weekday	Out
2020-10-14 06:06:11	45.832605	-122.399558	80	24.60634	170334340	170334340	47	2241	Weekday	Out
2020-10-14 06:06:16	45.83274	-122.398827	75	24.60634	170334340	170334340	47	2241	Weekday	Out
2020-10-14 06:06:21	45.832868	-122.3981	76	24.60634	170334340	170334340	47	2241	Weekday	Out
2020-10-14 06:06:26	45.832992	-122.397373	76	24.60634	170334340	170334340	47	2241	Weekday	Out
2020-10-14 06:06:31	45.833103	-122.396688	77	22.3694	170334340	170334340	47	2241	Weekday	Out
2020-10-14 06:06:36	45.8332	-122.39607	77	20.13246	170334340	170334340	47	2241	Weekday	Out
2020-10-14 06:06:41	45.833262	-122.39542	82	22.3694	170334340	170334340	47	2241	Weekday	Out
2020-10-14 06:06:46	45.833193	-122.394745	98	22.3694	170334340	170334340	47	2241	Weekday	Out
2020-10-14 06:06:51	45.833053	-122.394023	106	24.60634	170334340	170334340	47	2241	Weekday	Out
2020-10-14 06:06:56	45.832917	-122.393285	105	24.60634	170334340	170334340	47	2241	Weekday	Out
2020-10-14 06:07:01	45.832785	-122.39253	104	26.84328	170334340	170334340	47	2241	Weekday	Out
2020-10-14 06:07:06	45.832647	-122.391783	105	24.60634	170334340	170334340	47	2241	Weekday	Out
2020-10-14 06:07:11	45.832467	-122.391098	111	24.60634	170334340	170334340	47	2241	Weekday	Out
2020-10-14 06:07:16	45.832188	-122.390525	125	22.3694	170334340	170334340	47	2241	Weekday	Out
2020-10-14 06:07:21	45.831945	-122.389915	120	22.3694	170334340	170334340	47	2241	Weekday	Out
2020-10-14 06:07:26	45.831812	-122.389303	107	20.13246	170334340	170334340	47	2241	Weekday	Out
2020-10-14 06:07:31	45.831792	-122.388657	93	22.3694	170334340	170334340	47	2241	Weekday	Out
2020-10-14 06:07:36	45.831925	-122.387953	75	24.60634	170334340	170334340	47	2241	Weekday	Out
2020-10-14 06:07:41	45.832088	-122.387218	72	24.60634	170334340	170334340	47	2241	Weekday	Out
2020-10-14 06:07:46	45.832257	-122.386468	72	26.84328	170334340	170334340	47	2241	Weekday	Out
2020-10-14 06:07:51	45.832542	-122.38587	56	24.60634	170334340	170334340	47	2241	Weekday	Out
2020-10-14 06:07:56	45.832893	-122.385518	35	20.13246	170334340	170334340	47	2241	Weekday	Out
2020-10-14 06:08:01	45.83327	-122.38535	17	17.89552	170334340	170334340	47	2241	Weekday	Out
2020-10-14 06:08:06	45.833662	-122.385232	12	20.13246	170334340	170334340	47	2241	Weekday	Out
2020-10-14 06:08:11	45.834127	-122.385145	7	22.3694	170334340	170334340	47	2241	Weekday	Out
2020-10-14 06:08:16	45.83462	-122.385117	2	24.60634	170334340	170334340	47	2241	Weekday	Out
2020-10-14 06:08:21	45.835173	-122.385102	1	26.84328	170334340	170334340	47	2241	Weekday	Out
2020-10-14 06:08:26	45.835737	-122.385215	352	26.84328	170334340	170334340	47	2241	Weekday	Out
2020-10-14 06:08:31	45.836238	-122.385445	342	24.60634	170334340	170334340	47	2241	Weekday	Out
2020-10-14 06:08:36	45.83668	-122.385787	332	24.60634	170334340	170334340	47	2241	Weekday	Out
2020-10-14 06:08:41	45.837022	-122.386333	312	24.60634	170334340	170334340	47	2241	Weekday	Out
2020-10-14 06:08:46	45.837305	-122.386985	302	24.60634	170334340	170334340	47	2241	Weekday	Out
2020-10-14 06:08:51	45.837627	-122.38759	307	24.60634	170334340	170334340	47	2241	Weekday	Out
2020-10-14 06:08:56	45.838022	-122.388062	320	24.60634	170334340	170334340	47	2241	Weekday	Out
2020-10-14 06:09:01	45.838443	-122.388458	327	24.60634	170334340	170334340	47	2241	Weekday	Out
2020-10-14 06:09:06	45.838893	-122.38882	331	24.60634	170334340	170334340	47	2241	Weekday	Out
2020-10-14 06:09:11	45.83935	-122.389175	332	24.60634	170334340	170334340	47	2241	Weekday	Out
2020-10-14 06:09:16	45.839822	-122.389525	333	24.60634	170334340	170334340	47	2241	Weekday	Out
2020-10-14 06:09:21	45.840293	-122.389842	335	24.60634	170334340	170334340	47	2241	Weekday	Out
2020-10-14 06:09:26	45.840773	-122.390162	335	24.60634	170334340	170334340	47	2241	Weekday	Out
2020-10-14 06:09:31	45.841272	-122.390497	335	26.84328	170334340	170334340	47	2241	Weekday	Out
2020-10-14 06:09:36	45.84178	-122.39084	335	26.84328	170334340	170334340	47	2241	Weekday	Out
2020-10-14 06:09:41	45.842295	-122.391183	335	26.84328	170334340	170334340	47	2241	Weekday	Out
2020-10-14 06:09:46	45.842822	-122.391523	336	26.84328	170334340	170334340	47	2241	Weekday	Out
2020-10-14 06:09:51	45.843353	-122.391873	335	29.08022	170334340	170334340	47	2241	Weekday	Out
2020-10-14 06:09:57	45.843973	-122.392282	335	26.84328	170334340	170334340	47	2241	Weekday	Out
2020-10-14 06:10:02	45.844465	-122.392602	336	26.84328	170334340	170334340	47	2241	Weekday	Out
2020-10-14 06:10:07	45.84494	-122.392912	336	24.60634	170334340	170334340	47	2241	Weekday	Out
2020-10-14 06:10:13	45.84542	-122.393242	334	20.13246	170334340	170334340	47	2241	Weekday	Out
2020-10-14 06:10:18	45.845607	-122.393517	314	11.1847	170334340	170334340	47	2241	Weekday	Out
2020-10-14 06:10:23	45.845625	-122.393573	295	2.23694	170334340	170334340	47	2241	Weekday	Out
2020-10-14 06:10:28	45.84575	-122.393925	297	13.42164	170334340	170334340	47	2241	Weekday	Out
2020-10-14 06:10:33	45.846098	-122.394248	327	20.13246	170334340	170334340	47	2241	Weekday	Out
2020-10-14 06:10:38	45.846543	-122.394523	337	22.3694	170334340	170334340	47	2241	Weekday	Out
2020-10-14 06:10:43	45.847022	-122.394832	336	24.60634	170334340	170334340	47	2241	Weekday	Out
2020-10-14 06:10:48	45.847495	-122.39514	336	24.60634	170334340	170334340	47	2241	Weekday	Out
2020-10-14 06:10:53	45.847975	-122.395452	336	24.60634	170334340	170334340	47	2241	Weekday	Out
2020-10-14 06:10:58	45.848467	-122.39577	336	26.84328	170334340	170334340	47	2241	Weekday	Out
2020-10-14 06:11:03	45.848973	-122.3961	336	26.84328	170334340	170334340	47	2241	Weekday	Out
2020-10-14 06:11:08	45.849487	-122.396433	336	26.84328	170334340	170334340	47	2241	Weekday	Out
2020-10-14 06:11:13	45.849997	-122.39677	335	26.84328	170334340	170334340	47	2241	Weekday	Out
2020-10-14 06:11:18	45.850503	-122.397098	336	26.84328	170334340	170334340	47	2241	Weekday	Out
2020-10-14 06:11:23	45.851007	-122.397425	336	26.84328	170334340	170334340	47	2241	Weekday	Out
2020-10-14 06:11:28	45.851507	-122.397748	336	26.84328	170334340	170334340	47	2241	Weekday	Out
2020-10-14 06:11:33	45.852003	-122.398072	336	26.84328	170334340	170334340	47	2241	Weekday	Out
2020-10-14 06:11:38	45.852502	-122.3984	335	26.84328	170334340	170334340	47	2241	Weekday	Out
2020-10-14 06:11:43	45.853018	-122.398735	336	26.84328	170334340	170334340	47	2241	Weekday	Out
2020-10-14 06:11:48	45.853547	-122.399077	336	26.84328	170334340	170334340	47	2241	Weekday	Out
2020-10-14 06:11:53	45.854075	-122.39942	336	26.84328	170334340	170334340	47	2241	Weekday	Out
2020-10-14 06:11:58	45.854595	-122.399763	335	26.84328	170334340	170334340	47	2241	Weekday	Out
2020-10-14 06:12:03	45.855073	-122.400072	336	24.60634	170334340	170334340	47	2241	Weekday	Out
2020-10-14 06:12:08	45.855568	-122.400397	335	26.84328	170334340	170334340	47	2241	Weekday	Out
2020-10-14 06:12:13	45.856067	-122.400723	335	26.84328	170334340	170334340	47	2241	Weekday	Out
2020-10-14 06:12:18	45.856553	-122.40104	336	24.60634	170334340	170334340	47	2241	Weekday	Out
2020-10-14 06:12:23	45.857027	-122.401352	335	24.60634	170334340	170334340	47	2241	Weekday	Out
2020-10-14 06:12:28	45.857505	-122.401663	336	24.60634	170334340	170334340	47	2241	Weekday	Out
2020-10-14 06:12:33	45.858007	-122.40199	336	26.84328	170334340	170334340	47	2241	Weekday	Out
2020-10-14 06:12:38	45.858502	-122.402312	336	26.84328	170334340	170334340	47	2241	Weekday	Out
2020-10-14 06:12:43	45.858977	-122.402622	336	24.60634	170334340	170334340	47	2241	Weekday	Out
2020-10-14 06:12:48	45.859443	-122.402927	336	24.60634	170334340	170334340	47	2241	Weekday	Out
2020-10-14 06:12:53	45.859887	-122.403217	336	22.3694	170334340	170334340	47	2241	Weekday	Out
2020-10-14 06:12:58	45.86029	-122.403477	336	20.13246	170334340	170334340	47	2241	Weekday	Out
2020-10-14 06:13:03	45.860692	-122.403733	336	20.13246	170334340	170334340	47	2241	Weekday	Out
2020-10-14 06:13:08	45.861053	-122.403965	336	17.89552	170334340	170334340	47	2241	Weekday	Out
2020-10-14 06:13:13	45.861278	-122.40411	336	11.1847	170334340	170334340	47	2241	Weekday	Out
2020-10-14 06:13:18	45.861607	-122.404323	336	17.89552	170334340	170334340	47	2241	Weekday	Out
2020-10-14 06:13:23	45.861972	-122.404558	336	17.89552	170334340	170334340	47	2241	Weekday	Out
2020-10-14 06:13:28	45.862345	-122.404798	336	20.13246	170334340	170334340	47	2241	Weekday	Out
2020-10-14 06:13:33	45.862747	-122.40506	336	20.13246	170334340	170334340	47	2241	Weekday	Out
2020-10-14 06:13:38	45.863135	-122.40531	336	20.13246	170334340	170334340	47	2241	Weekday	Out
2020-10-14 06:13:43	45.863502	-122.405552	335	17.89552	170334340	170334340	47	2241	Weekday	Out
2020-10-14 06:13:48	45.863742	-122.405707	336	11.1847	170334340	170334340	47	2241	Weekday	Out
2020-10-14 06:13:53	45.863977	-122.405863	335	13.42164	170334340	170334340	47	2241	Weekday	Out
2020-10-14 06:13:58	45.864368	-122.406118	336	20.13246	170334340	170334340	47	2241	Weekday	Out
2020-10-14 06:14:03	45.864747	-122.406367	335	20.13246	170334340	170334340	47	2241	Weekday	Out
2020-10-14 06:14:08	45.865092	-122.406592	336	17.89552	170334340	170334340	47	2241	Weekday	Out
2020-10-14 06:14:13	45.865442	-122.406822	335	17.89552	170334340	170334340	47	2241	Weekday	Out
2020-10-14 06:14:18	45.865695	-122.406987	336	11.1847	170334340	170334340	47	2241	Weekday	Out
2020-10-14 06:14:23	45.865932	-122.40714	336	13.42164	170334340	170334340	47	2241	Weekday	Out
2020-10-14 06:14:28	45.866318	-122.407388	336	20.13246	170334340	170334340	47	2241	Weekday	Out
2020-10-14 06:14:33	45.866618	-122.407582	336	15.65858	170334340	170334340	47	2241	Weekday	Out
2020-10-14 06:14:48	45.866723	-122.407647	337	0	170334340	170334340	47	2241	Weekday	Out
2020-10-14 06:14:53	45.866853	-122.407812	319	8.94776	170334340	170334340	47	2241	Weekday	Out
2020-10-14 06:14:58	45.866862	-122.408143	272	11.1847	170334340	170334340	47	2241	Weekday	Out
2020-10-14 06:15:18	45.866838	-122.408497	265	2.23694	170334340	170334340	47	2241	Weekday	Out
2020-10-14 06:15:23	45.866833	-122.408883	269	13.42164	170334340	170334340	47	2241	Weekday	Out
2020-10-14 06:15:28	45.86683	-122.409195	269	8.94776	170334340	170334340	47	2241	Weekday	Out
2020-10-14 06:15:33	45.866782	-122.409347	245	4.47388	170334340	170334340	47	2241	Weekday	Out
2020-10-14 06:15:38	45.866533	-122.409377	185	11.1847	170334340	170334340	47	2241	Weekday	Out
2020-10-14 06:15:43	45.866195	-122.409375	180	15.65858	170334340	170334340	47	2241	Weekday	Out
2020-10-14 06:15:48	45.865973	-122.409372	179	8.94776	170334340	170334340	47	2241	Weekday	Out
2020-10-14 06:15:53	45.865892	-122.409273	140	4.47388	170334340	170334340	47	2241	Weekday	Out
2020-10-14 06:15:58	45.865888	-122.408938	91	11.1847	170334340	170334340	47	2241	Weekday	Out
2020-10-14 06:16:02	45.865902	-122.408563	87	15.65858	170334340	170334340	47	2241	Weekday	Out
2020-10-14 06:16:08	45.865898	-122.408262	91	8.94776	170334340	170334340	47	2241	Weekday	Out
2020-10-14 06:16:13	45.865897	-122.407783	90	15.65858	170334340	170334340	47	2241	Weekday	Out
2020-10-14 06:16:18	45.865903	-122.40739	89	11.1847	170334340	170334340	47	2241	Weekday	Out
2020-10-14 06:16:22	45.865907	-122.40729	87	2.23694	170334340	170334340	47	2241	Weekday	Out
2020-10-14 06:16:28	45.865878	-122.40713	104	4.47388	170334340	170334340	47	2241	Weekday	Out
2020-10-14 06:16:32	45.865712	-122.407037	159	8.94776	170334340	170334340	47	2241	Weekday	Out
2020-10-14 06:16:37	45.865457	-122.406882	157	13.42164	170334340	170334340	47	2241	Weekday	Out
2020-10-14 06:16:42	45.86509	-122.40664	155	17.89552	170334340	170334340	47	2241	Weekday	Out
2020-10-14 06:16:47	45.864723	-122.4064	155	17.89552	170334340	170334340	47	2241	Weekday	Out
2020-10-14 06:16:52	45.864363	-122.406167	156	17.89552	170334340	170334340	47	2241	Weekday	Out
2020-10-14 06:16:57	45.864022	-122.405942	155	17.89552	170334340	170334340	47	2241	Weekday	Out
2020-10-14 06:17:02	45.863758	-122.40577	156	13.42164	170334340	170334340	47	2241	Weekday	Out
2020-10-14 06:17:07	45.863558	-122.405637	155	11.1847	170334340	170334340	47	2241	Weekday	Out
2020-10-14 06:17:12	45.863195	-122.405397	155	20.13246	170334340	170334340	47	2241	Weekday	Out
2020-10-14 06:17:17	45.862792	-122.405137	156	20.13246	170334340	170334340	47	2241	Weekday	Out
2020-10-14 06:17:22	45.862417	-122.404888	155	20.13246	170334340	170334340	47	2241	Weekday	Out
2020-10-14 06:17:27	45.862058	-122.404662	156	17.89552	170334340	170334340	47	2241	Weekday	Out
2020-10-14 06:17:32	45.86167	-122.40441	156	20.13246	170334340	170334340	47	2241	Weekday	Out
2020-10-14 06:17:37	45.8613	-122.404173	156	17.89552	170334340	170334340	47	2241	Weekday	Out
2020-10-14 06:17:42	45.861077	-122.40403	156	11.1847	170334340	170334340	47	2241	Weekday	Out
2020-10-14 06:17:47	45.860778	-122.403837	156	17.89552	170334340	170334340	47	2241	Weekday	Out
2020-10-14 06:17:52	45.86034	-122.403555	156	22.3694	170334340	170334340	47	2241	Weekday	Out
2020-10-14 06:17:57	45.859862	-122.403243	156	24.60634	170334340	170334340	47	2241	Weekday	Out
2020-10-14 06:18:02	45.859355	-122.402907	155	26.84328	170334340	170334340	47	2241	Weekday	Out
2020-10-14 06:18:07	45.858847	-122.402578	156	24.60634	170334340	170334340	47	2241	Weekday	Out
2020-10-14 06:18:12	45.858332	-122.402238	155	29.08022	170334340	170334340	47	2241	Weekday	Out
2020-10-14 06:18:17	45.85779	-122.401887	156	29.08022	170334340	170334340	47	2241	Weekday	Out
2020-10-14 06:18:22	45.857232	-122.401518	155	26.84328	170334340	170334340	47	2241	Weekday	Out
2020-10-14 06:18:27	45.856667	-122.401145	155	29.08022	170334340	170334340	47	2241	Weekday	Out
2020-10-14 06:18:32	45.8561	-122.40077	155	29.08022	170334340	170334340	47	2241	Weekday	Out
2020-10-14 06:18:37	45.855525	-122.400398	156	31.31716	170334340	170334340	47	2241	Weekday	Out
2020-10-14 06:18:42	45.854958	-122.400033	156	29.08022	170334340	170334340	47	2241	Weekday	Out
2020-10-14 06:18:47	45.854372	-122.399653	156	31.31716	170334340	170334340	47	2241	Weekday	Out
2020-10-14 06:18:52	45.853762	-122.399258	156	31.31716	170334340	170334340	47	2241	Weekday	Out
2020-10-14 06:18:57	45.853148	-122.398863	156	31.31716	170334340	170334340	47	2241	Weekday	Out
2020-10-14 06:19:02	45.85256	-122.398485	156	31.31716	170334340	170334340	47	2241	Weekday	Out
2020-10-14 06:19:07	45.851988	-122.398112	156	29.08022	170334340	170334340	47	2241	Weekday	Out
2020-10-14 06:19:12	45.851402	-122.397728	156	31.31716	170334340	170334340	47	2241	Weekday	Out
2020-10-14 06:19:17	45.850818	-122.39735	156	31.31716	170334340	170334340	47	2241	Weekday	Out
2020-10-14 06:19:22	45.850253	-122.396983	156	29.08022	170334340	170334340	47	2241	Weekday	Out
2020-10-14 06:19:27	45.849707	-122.396627	156	29.08022	170334340	170334340	47	2241	Weekday	Out
2020-10-14 06:19:32	45.849138	-122.396257	156	29.08022	170334340	170334340	47	2241	Weekday	Out
2020-10-14 06:19:37	45.848583	-122.395893	155	29.08022	170334340	170334340	47	2241	Weekday	Out
2020-10-14 06:19:42	45.84803	-122.395535	156	29.08022	170334340	170334340	47	2241	Weekday	Out
2020-10-14 06:19:47	45.84748	-122.395175	155	29.08022	170334340	170334340	47	2241	Weekday	Out
2020-10-14 06:19:52	45.846938	-122.394825	156	29.08022	170334340	170334340	47	2241	Weekday	Out
2020-10-14 06:19:57	45.846415	-122.394488	156	26.84328	170334340	170334340	47	2241	Weekday	Out
2020-10-14 06:20:02	45.845932	-122.394185	156	24.60634	170334340	170334340	47	2241	Weekday	Out
2020-10-14 06:20:07	45.845652	-122.393852	140	15.65858	170334340	170334340	47	2241	Weekday	Out
2020-10-14 06:20:12	45.845608	-122.393737	118	2.23694	170334340	170334340	47	2241	Weekday	Out
2020-10-14 06:20:17	45.845535	-122.39346	111	11.1847	170334340	170334340	47	2241	Weekday	Out
2020-10-14 06:20:22	45.845197	-122.393097	143	20.13246	170334340	170334340	47	2241	Weekday	Out
2020-10-14 06:20:27	45.844717	-122.392778	155	24.60634	170334340	170334340	47	2241	Weekday	Out
2020-10-14 06:20:32	45.844235	-122.392467	156	24.60634	170334340	170334340	47	2241	Weekday	Out
2020-10-14 06:20:37	45.843735	-122.392138	155	26.84328	170334340	170334340	47	2241	Weekday	Out
2020-10-14 06:20:42	45.843213	-122.391793	155	26.84328	170334340	170334340	47	2241	Weekday	Out
2020-10-14 06:20:47	45.842675	-122.391438	155	29.08022	170334340	170334340	47	2241	Weekday	Out
2020-10-14 06:20:52	45.84213	-122.391078	155	29.08022	170334340	170334340	47	2241	Weekday	Out
2020-10-14 06:20:57	45.84159	-122.390725	155	29.08022	170334340	170334340	47	2241	Weekday	Out
2020-10-14 06:21:02	45.841048	-122.39037	155	29.08022	170334340	170334340	47	2241	Weekday	Out
2020-10-14 06:21:07	45.840488	-122.390005	156	29.08022	170334340	170334340	47	2241	Weekday	Out
2020-10-14 06:21:12	45.839923	-122.389625	155	29.08022	170334340	170334340	47	2241	Weekday	Out
2020-10-14 06:21:17	45.83936	-122.389213	153	31.31716	170334340	170334340	47	2241	Weekday	Out
2020-10-14 06:21:22	45.838807	-122.388792	152	29.08022	170334340	170334340	47	2241	Weekday	Out
2020-10-14 06:21:27	45.838295	-122.388363	150	29.08022	170334340	170334340	47	2241	Weekday	Out
2020-10-14 06:21:32	45.837812	-122.387863	144	29.08022	170334340	170334340	47	2241	Weekday	Out
2020-10-14 06:21:37	45.83741	-122.387237	133	29.08022	170334340	170334340	47	2241	Weekday	Out
2020-10-14 06:21:42	45.8371	-122.386527	122	26.84328	170334340	170334340	47	2241	Weekday	Out
2020-10-14 06:21:47	45.836757	-122.385897	128	26.84328	170334340	170334340	47	2241	Weekday	Out
2020-10-14 06:21:52	45.836295	-122.38546	147	26.84328	170334340	170334340	47	2241	Weekday	Out
2020-10-14 06:21:57	45.835767	-122.385213	162	26.84328	170334340	170334340	47	2241	Weekday	Out
2020-10-14 06:22:02	45.83524	-122.385112	172	24.60634	170334340	170334340	47	2241	Weekday	Out
2020-10-14 06:22:07	45.834708	-122.385123	181	24.60634	170334340	170334340	47	2241	Weekday	Out
2020-10-14 06:22:12	45.834218	-122.38515	182	22.3694	170334340	170334340	47	2241	Weekday	Out
2020-10-14 06:22:17	45.833772	-122.385217	186	20.13246	170334340	170334340	47	2241	Weekday	Out
2020-10-14 06:22:22	45.833348	-122.385347	192	20.13246	170334340	170334340	47	2241	Weekday	Out
2020-10-14 06:22:27	45.832887	-122.385547	197	22.3694	170334340	170334340	47	2241	Weekday	Out
2020-10-14 06:22:32	45.83251	-122.385953	217	22.3694	170334340	170334340	47	2241	Weekday	Out
2020-10-14 06:22:37	45.832265	-122.386553	240	22.3694	170334340	170334340	47	2241	Weekday	Out
2020-10-14 06:22:42	45.832133	-122.387185	253	22.3694	170334340	170334340	47	2241	Weekday	Out
2020-10-14 06:22:47	45.832003	-122.387778	253	20.13246	170334340	170334340	47	2241	Weekday	Out
2020-10-14 06:22:52	45.831872	-122.388395	253	22.3694	170334340	170334340	47	2241	Weekday	Out
2020-10-14 06:22:57	45.831817	-122.389033	263	22.3694	170334340	170334340	47	2241	Weekday	Out
2020-10-14 06:23:02	45.83191	-122.389695	281	22.3694	170334340	170334340	47	2241	Weekday	Out
2020-10-14 06:23:07	45.832097	-122.390298	294	22.3694	170334340	170334340	47	2241	Weekday	Out
2020-10-14 06:23:12	45.832353	-122.390812	306	20.13246	170334340	170334340	47	2241	Weekday	Out
2020-10-14 06:23:17	45.83259	-122.391362	302	22.3694	170334340	170334340	47	2241	Weekday	Out
2020-10-14 06:23:22	45.832728	-122.392048	286	24.60634	170334340	170334340	47	2241	Weekday	Out
2020-10-14 06:23:27	45.832858	-122.392783	284	24.60634	170334340	170334340	47	2241	Weekday	Out
2020-10-14 06:23:32	45.832988	-122.393523	284	24.60634	170334340	170334340	47	2241	Weekday	Out
2020-10-14 06:23:37	45.833123	-122.394263	285	24.60634	170334340	170334340	47	2241	Weekday	Out
2020-10-14 06:23:42	45.833252	-122.39499	284	24.60634	170334340	170334340	47	2241	Weekday	Out
2020-10-14 06:23:47	45.83328	-122.395743	273	24.60634	170334340	170334340	47	2241	Weekday	Out
2020-10-14 06:23:52	45.833163	-122.39648	257	24.60634	170334340	170334340	47	2241	Weekday	Out
2020-10-14 06:23:57	45.833038	-122.397202	256	24.60634	170334340	170334340	47	2241	Weekday	Out
2020-10-14 06:24:02	45.832905	-122.397953	256	26.84328	170334340	170334340	47	2241	Weekday	Out
2020-10-14 06:24:07	45.832768	-122.39872	256	26.84328	170334340	170334340	47	2241	Weekday	Out
2020-10-14 06:24:12	45.832638	-122.399475	256	24.60634	170334340	170334340	47	2241	Weekday	Out
2020-10-14 06:24:17	45.832538	-122.400218	259	24.60634	170334340	170334340	47	2241	Weekday	Out
2020-10-14 06:24:22	45.832573	-122.40095	274	24.60634	170334340	170334340	47	2241	Weekday	Out
2020-10-14 06:24:27	45.832657	-122.401657	280	24.60634	170334340	170334340	47	2241	Weekday	Out
2020-10-14 06:24:32	45.832735	-122.402365	279	24.60634	170334340	170334340	47	2241	Weekday	Out
2020-10-14 06:24:37	45.832808	-122.403078	278	24.60634	170334340	170334340	47	2241	Weekday	Out
2020-10-14 06:24:42	45.832888	-122.403823	279	24.60634	170334340	170334340	47	2241	Weekday	Out
2020-10-14 06:24:47	45.832967	-122.404575	279	24.60634	170334340	170334340	47	2241	Weekday	Out
2020-10-14 06:24:52	45.833068	-122.405285	282	24.60634	170334340	170334340	47	2241	Weekday	Out
2020-10-14 06:24:57	45.833235	-122.405975	289	24.60634	170334340	170334340	47	2241	Weekday	Out
2020-10-14 06:25:03	45.833523	-122.406742	298	24.60634	170334340	170334340	47	2241	Weekday	Out
2020-10-14 06:25:08	45.833765	-122.407348	300	22.3694	170334340	170334340	47	2241	Weekday	Out
2020-10-14 06:25:13	45.834003	-122.407948	300	22.3694	170334340	170334340	47	2241	Weekday	Out
2020-10-14 06:25:18	45.834255	-122.408577	300	24.60634	170334340	170334340	47	2241	Weekday	Out
2020-10-14 06:25:22	45.834453	-122.409072	300	22.3694	170334340	170334340	47	2241	Weekday	Out
2020-10-14 06:25:28	45.834723	-122.409747	300	20.13246	170334340	170334340	47	2241	Weekday	Out
2020-10-14 06:25:33	45.834903	-122.410203	299	15.65858	170334340	170334340	47	2241	Weekday	Out
2020-10-14 06:25:43	45.835013	-122.410475	300	4.47388	170334340	170334340	47	2241	Weekday	Out
2020-10-14 06:25:48	45.835183	-122.410907	299	15.65858	170334340	170334340	47	2241	Weekday	Out
2020-10-14 06:25:53	45.835408	-122.411482	299	22.3694	170334340	170334340	47	2241	Weekday	Out
2020-10-14 06:25:58	45.83564	-122.412075	299	22.3694	170334340	170334340	47	2241	Weekday	Out
2020-10-14 06:26:03	45.835877	-122.412712	298	24.60634	170334340	170334340	47	2241	Weekday	Out
2020-10-14 06:26:08	45.836112	-122.413347	298	24.60634	170334340	170334340	47	2241	Weekday	Out
2020-10-14 06:26:13	45.836337	-122.413947	298	22.3694	170334340	170334340	47	2241	Weekday	Out
2020-10-14 06:26:18	45.836552	-122.414553	297	22.3694	170334340	170334340	47	2241	Weekday	Out
2020-10-14 06:26:23	45.836775	-122.415188	297	24.60634	170334340	170334340	47	2241	Weekday	Out
2020-10-14 06:26:28	45.837033	-122.415893	298	26.84328	170334340	170334340	47	2241	Weekday	Out
2020-10-14 06:26:33	45.837312	-122.416563	301	26.84328	170334340	170334340	47	2241	Weekday	Out
2020-10-14 06:26:38	45.837668	-122.417183	310	26.84328	170334340	170334340	47	2241	Weekday	Out
2020-10-14 06:26:43	45.838073	-122.417678	320	24.60634	170334340	170334340	47	2241	Weekday	Out
2020-10-14 06:26:48	45.838483	-122.418128	323	24.60634	170334340	170334340	47	2241	Weekday	Out
2020-10-14 06:26:53	45.838907	-122.418598	322	24.60634	170334340	170334340	47	2241	Weekday	Out
2020-10-14 06:26:58	45.839328	-122.419075	322	24.60634	170334340	170334340	47	2241	Weekday	Out
2020-10-14 06:27:03	45.83975	-122.419565	321	26.84328	170334340	170334340	47	2241	Weekday	Out
2020-10-14 06:27:08	45.840133	-122.420103	316	24.60634	170334340	170334340	47	2241	Weekday	Out
2020-10-14 06:27:13	45.840455	-122.420752	305	26.84328	170334340	170334340	47	2241	Weekday	Out
2020-10-14 06:27:18	45.840695	-122.42144	297	24.60634	170334340	170334340	47	2241	Weekday	Out
2020-10-14 06:27:23	45.840905	-122.42216	293	26.84328	170334340	170334340	47	2241	Weekday	Out
2020-10-14 06:27:28	45.841078	-122.422848	290	24.60634	170334340	170334340	47	2241	Weekday	Out
2020-10-14 06:27:33	45.841045	-122.423555	266	24.60634	170334340	170334340	47	2241	Weekday	Out
2020-10-14 06:27:38	45.840887	-122.424265	252	24.60634	170334340	170334340	47	2241	Weekday	Out
2020-10-14 06:27:43	45.84067	-122.424988	247	26.84328	170334340	170334340	47	2241	Weekday	Out
2020-10-14 06:27:48	45.840453	-122.425727	247	26.84328	170334340	170334340	47	2241	Weekday	Out
2020-10-14 06:27:53	45.84024	-122.426465	247	26.84328	170334340	170334340	47	2241	Weekday	Out
2020-10-14 06:27:58	45.840053	-122.42722	250	26.84328	170334340	170334340	47	2241	Weekday	Out
2020-10-14 06:28:03	45.839895	-122.427998	254	26.84328	170334340	170334340	47	2241	Weekday	Out
2020-10-14 06:28:08	45.839735	-122.428778	254	26.84328	170334340	170334340	47	2241	Weekday	Out
2020-10-14 06:28:13	45.839575	-122.429547	253	26.84328	170334340	170334340	47	2241	Weekday	Out
2020-10-14 06:28:18	45.839458	-122.430287	257	24.60634	170334340	170334340	47	2241	Weekday	Out
2020-10-14 06:28:23	45.839538	-122.431063	278	26.84328	170334340	170334340	47	2241	Weekday	Out
2020-10-14 06:28:28	45.839795	-122.431727	299	24.60634	170334340	170334340	47	2241	Weekday	Out
2020-10-14 06:28:33	45.840138	-122.432288	311	24.60634	170334340	170334340	47	2241	Weekday	Out
2020-10-14 06:28:38	45.840445	-122.432897	306	24.60634	170334340	170334340	47	2241	Weekday	Out
2020-10-14 06:28:43	45.840685	-122.43354	298	24.60634	170334340	170334340	47	2241	Weekday	Out
2020-10-14 06:28:48	45.840817	-122.434232	285	24.60634	170334340	170334340	47	2241	Weekday	Out
2020-10-14 06:28:53	45.8409	-122.43495	279	24.60634	170334340	170334340	47	2241	Weekday	Out
2020-10-14 06:28:58	45.840987	-122.4357	279	24.60634	170334340	170334340	47	2241	Weekday	Out
2020-10-14 06:29:03	45.841137	-122.436412	287	24.60634	170334340	170334340	47	2241	Weekday	Out
2020-10-14 06:29:08	45.841343	-122.43708	294	24.60634	170334340	170334340	47	2241	Weekday	Out
2020-10-14 06:29:13	45.841452	-122.437767	283	24.60634	170334340	170334340	47	2241	Weekday	Out
2020-10-14 06:29:18	45.841393	-122.438485	263	24.60634	170334340	170334340	47	2241	Weekday	Out
2020-10-14 06:29:23	45.84128	-122.439213	257	24.60634	170334340	170334340	47	2241	Weekday	Out
2020-10-14 06:29:28	45.841117	-122.439922	252	24.60634	170334340	170334340	47	2241	Weekday	Out
2020-10-14 06:29:33	45.840955	-122.440628	252	24.60634	170334340	170334340	47	2241	Weekday	Out
2020-10-14 06:29:38	45.840822	-122.441398	256	26.84328	170334340	170334340	47	2241	Weekday	Out
2020-10-14 06:29:43	45.840707	-122.442217	259	26.84328	170334340	170334340	47	2241	Weekday	Out
2020-10-14 06:29:48	45.840592	-122.443035	259	26.84328	170334340	170334340	47	2241	Weekday	Out
2020-10-14 06:29:53	45.84047	-122.443808	257	26.84328	170334340	170334340	47	2241	Weekday	Out
2020-10-14 06:29:58	45.840422	-122.444562	265	24.60634	170334340	170334340	47	2241	Weekday	Out
2020-10-14 06:30:03	45.840487	-122.445347	277	26.84328	170334340	170334340	47	2241	Weekday	Out
2020-10-14 06:30:08	45.840653	-122.446162	286	29.08022	170334340	170334340	47	2241	Weekday	Out
2020-10-14 06:30:13	45.840762	-122.446968	281	26.84328	170334340	170334340	47	2241	Weekday	Out
2020-10-14 06:30:18	45.840768	-122.447757	271	26.84328	170334340	170334340	47	2241	Weekday	Out
2020-10-14 06:30:23	45.840778	-122.448567	271	26.84328	170334340	170334340	47	2241	Weekday	Out
2020-10-14 06:30:28	45.840793	-122.449415	271	29.08022	170334340	170334340	47	2241	Weekday	Out
2020-10-14 06:30:33	45.840747	-122.450263	265	29.08022	170334340	170334340	47	2241	Weekday	Out
2020-10-14 06:30:38	45.840652	-122.451143	261	29.08022	170334340	170334340	47	2241	Weekday	Out
2020-10-14 06:30:43	45.840642	-122.452045	269	31.31716	170334340	170334340	47	2241	Weekday	Out
2020-10-14 06:30:48	45.840668	-122.452908	273	29.08022	170334340	170334340	47	2241	Weekday	Out
2020-10-14 06:30:53	45.840672	-122.453717	270	26.84328	170334340	170334340	47	2241	Weekday	Out
2020-10-14 06:30:57	45.840672	-122.454528	270	33.5541	170334340	170334340	47	2241	Weekday	Out
2020-10-14 06:31:02	45.840672	-122.455332	270	26.84328	170334340	170334340	47	2241	Weekday	Out
2020-10-14 06:31:07	45.840645	-122.456137	267	26.84328	170334340	170334340	47	2241	Weekday	Out
2020-10-14 06:31:12	45.84058	-122.456982	264	29.08022	170334340	170334340	47	2241	Weekday	Out
2020-10-14 06:31:17	45.84047	-122.457793	259	26.84328	170334340	170334340	47	2241	Weekday	Out
2020-10-14 06:31:22	45.840277	-122.45856	250	26.84328	170334340	170334340	47	2241	Weekday	Out
2020-10-14 06:31:27	45.840032	-122.459277	244	26.84328	170334340	170334340	47	2241	Weekday	Out
2020-10-14 06:31:32	45.839778	-122.460023	244	26.84328	170334340	170334340	47	2241	Weekday	Out
2020-10-14 06:31:37	45.839517	-122.460765	243	26.84328	170334340	170334340	47	2241	Weekday	Out
2020-10-14 06:31:42	45.839265	-122.461485	243	26.84328	170334340	170334340	47	2241	Weekday	Out
2020-10-14 06:31:47	45.839012	-122.462193	243	26.84328	170334340	170334340	47	2241	Weekday	Out
2020-10-14 06:31:52	45.838752	-122.462915	243	26.84328	170334340	170334340	47	2241	Weekday	Out
2020-10-14 06:31:57	45.838407	-122.46353	231	26.84328	170334340	170334340	47	2241	Weekday	Out
2020-10-14 06:32:02	45.838035	-122.464193	231	29.08022	170334340	170334340	47	2241	Weekday	Out
2020-10-14 06:32:07	45.83764	-122.464792	227	26.84328	170334340	170334340	47	2241	Weekday	Out
2020-10-14 06:32:12	45.837233	-122.465338	223	26.84328	170334340	170334340	47	2241	Weekday	Out
2020-10-14 06:32:17	45.836885	-122.465887	228	24.60634	170334340	170334340	47	2241	Weekday	Out
2020-10-14 06:32:22	45.83675	-122.46659	255	24.60634	170334340	170334340	47	2241	Weekday	Out
2020-10-14 06:32:27	45.836708	-122.467338	265	24.60634	170334340	170334340	47	2241	Weekday	Out
2020-10-14 06:32:32	45.836587	-122.468127	258	26.84328	170334340	170334340	47	2241	Weekday	Out
2020-10-14 06:32:37	45.836423	-122.468888	253	24.60634	170334340	170334340	47	2241	Weekday	Out
2020-10-14 06:32:42	45.836212	-122.46963	248	29.08022	170334340	170334340	47	2241	Weekday	Out
2020-10-14 06:32:47	45.835918	-122.470343	239	26.84328	170334340	170334340	47	2241	Weekday	Out
2020-10-14 06:32:52	45.835632	-122.47105	240	24.60634	170334340	170334340	47	2241	Weekday	Out
2020-10-14 06:32:57	45.8355	-122.471815	256	26.84328	170334340	170334340	47	2241	Weekday	Out
2020-10-14 06:33:02	45.835407	-122.472555	260	24.60634	170334340	170334340	47	2241	Weekday	Out
2020-10-14 06:33:07	45.835322	-122.473297	261	24.60634	170334340	170334340	47	2241	Weekday	Out
2020-10-14 06:33:12	45.835302	-122.474097	268	26.84328	170334340	170334340	47	2241	Weekday	Out
2020-10-14 06:33:17	45.835312	-122.474858	271	24.60634	170334340	170334340	47	2241	Weekday	Out
2020-10-14 06:33:22	45.835317	-122.475638	271	26.84328	170334340	170334340	47	2241	Weekday	Out
2020-10-14 06:33:27	45.835313	-122.476423	270	26.84328	170334340	170334340	47	2241	Weekday	Out
2020-10-14 06:33:32	45.835317	-122.477207	270	26.84328	170334340	170334340	47	2241	Weekday	Out
2020-10-14 06:33:37	45.835325	-122.478008	271	26.84328	170334340	170334340	47	2241	Weekday	Out
2020-10-14 06:33:42	45.835325	-122.478795	270	26.84328	170334340	170334340	47	2241	Weekday	Out
2020-10-14 06:33:47	45.83524	-122.479603	261	26.84328	170334340	170334340	47	2241	Weekday	Out
2020-10-14 06:33:52	45.835097	-122.480383	255	26.84328	170334340	170334340	47	2241	Weekday	Out
2020-10-14 06:33:57	45.834965	-122.481153	256	26.84328	170334340	170334340	47	2241	Weekday	Out
2020-10-14 06:34:02	45.83485	-122.481928	258	26.84328	170334340	170334340	47	2241	Weekday	Out
2020-10-14 06:34:07	45.83473	-122.482675	257	24.60634	170334340	170334340	47	2241	Weekday	Out
2020-10-14 06:34:12	45.834613	-122.483452	258	26.84328	170334340	170334340	47	2241	Weekday	Out
2020-10-14 06:34:17	45.834582	-122.484248	267	26.84328	170334340	170334340	47	2241	Weekday	Out
2020-10-14 06:34:22	45.834597	-122.485038	272	26.84328	170334340	170334340	47	2241	Weekday	Out
2020-10-14 06:34:27	45.834623	-122.485802	273	24.60634	170334340	170334340	47	2241	Weekday	Out
2020-10-14 06:34:32	45.834628	-122.486545	271	24.60634	170334340	170334340	47	2241	Weekday	Out
2020-10-14 06:34:37	45.8345	-122.487253	255	24.60634	170334340	170334340	47	2241	Weekday	Out
2020-10-14 06:34:42	45.834283	-122.487945	246	24.60634	170334340	170334340	47	2241	Weekday	Out
2020-10-14 06:34:47	45.834088	-122.488667	249	26.84328	170334340	170334340	47	2241	Weekday	Out
2020-10-14 06:34:52	45.83405	-122.489445	266	24.60634	170334340	170334340	47	2241	Weekday	Out
2020-10-14 06:34:57	45.834088	-122.490212	274	26.84328	170334340	170334340	47	2241	Weekday	Out
2020-10-14 06:35:02	45.834138	-122.490963	275	24.60634	170334340	170334340	47	2241	Weekday	Out
2020-10-14 06:35:07	45.834215	-122.491738	278	26.84328	170334340	170334340	47	2241	Weekday	Out
2020-10-14 06:35:12	45.83433	-122.492477	283	24.60634	170334340	170334340	47	2241	Weekday	Out
2020-10-14 06:35:17	45.834457	-122.493193	284	24.60634	170334340	170334340	47	2241	Weekday	Out
2020-10-14 06:35:22	45.83456	-122.493823	283	20.13246	170334340	170334340	47	2241	Weekday	Out
2020-10-14 06:35:27	45.834583	-122.494163	276	8.94776	170334340	170334340	47	2241	Weekday	Out
2020-10-14 06:35:32	45.83458	-122.494245	267	2.23694	170334340	170334340	47	2241	Weekday	Out
2020-10-14 06:35:37	45.834405	-122.494398	211	11.1847	170334340	170334340	47	2241	Weekday	Out
2020-10-14 06:35:42	45.834	-122.49443	183	20.13246	170334340	170334340	47	2241	Weekday	Out
2020-10-14 06:35:47	45.833555	-122.494628	197	22.3694	170334340	170334340	47	2241	Weekday	Out
2020-10-14 06:35:52	45.833183	-122.495038	218	22.3694	170334340	170334340	47	2241	Weekday	Out
2020-10-14 06:35:57	45.832817	-122.495407	215	22.3694	170334340	170334340	47	2241	Weekday	Out
2020-10-14 06:36:02	45.832352	-122.49556	193	22.3694	170334340	170334340	47	2241	Weekday	Out
2020-10-14 06:36:07	45.83185	-122.495648	187	24.60634	170334340	170334340	47	2241	Weekday	Out
2020-10-14 06:36:12	45.831293	-122.49566	181	26.84328	170334340	170334340	47	2241	Weekday	Out
2020-10-14 06:36:17	45.830695	-122.495658	180	29.08022	170334340	170334340	47	2241	Weekday	Out
2020-10-14 06:36:22	45.830097	-122.495647	179	29.08022	170334340	170334340	47	2241	Weekday	Out
2020-10-14 06:36:27	45.82951	-122.495625	179	26.84328	170334340	170334340	47	2241	Weekday	Out
2020-10-14 06:36:32	45.828943	-122.495617	179	26.84328	170334340	170334340	47	2241	Weekday	Out
2020-10-14 06:36:37	45.828367	-122.49561	180	26.84328	170334340	170334340	47	2241	Weekday	Out
2020-10-14 06:36:42	45.827778	-122.495607	180	29.08022	170334340	170334340	47	2241	Weekday	Out
2020-10-14 06:36:47	45.827202	-122.4956	180	26.84328	170334340	170334340	47	2241	Weekday	Out
2020-10-14 06:36:52	45.826637	-122.495598	180	26.84328	170334340	170334340	47	2241	Weekday	Out
2020-10-14 06:36:57	45.826087	-122.495593	180	26.84328	170334340	170334340	47	2241	Weekday	Out
2020-10-14 06:37:02	45.825552	-122.495597	180	24.60634	170334340	170334340	47	2241	Weekday	Out
2020-10-14 06:37:07	45.825063	-122.495597	180	22.3694	170334340	170334340	47	2241	Weekday	Out
2020-10-14 06:37:12	45.824718	-122.495597	180	15.65858	170334340	170334340	47	2241	Weekday	Out
2020-10-14 06:37:17	45.824638	-122.495595	179	2.23694	170334340	170334340	47	2241	Weekday	Out
2020-10-14 06:37:22	45.824553	-122.49562	192	4.47388	170334340	170334340	47	2241	Weekday	Out
2020-10-14 06:37:27	45.824525	-122.495908	262	8.94776	170334340	170334340	47	2241	Weekday	Out
2020-10-14 06:37:32	45.824537	-122.496593	271	24.60634	170334340	170334340	47	2241	Weekday	Out
2020-10-14 06:37:37	45.824542	-122.49741	271	26.84328	170334340	170334340	47	2241	Weekday	Out
2020-10-14 06:37:42	45.824543	-122.498195	270	26.84328	170334340	170334340	47	2241	Weekday	Out
2020-10-14 06:37:47	45.824542	-122.499	270	26.84328	170334340	170334340	47	2241	Weekday	Out
2020-10-14 06:37:52	45.824542	-122.499807	270	26.84328	170334340	170334340	47	2241	Weekday	Out
2020-10-14 06:37:57	45.824543	-122.500647	270	26.84328	170334340	170334340	47	2241	Weekday	Out
2020-10-14 06:38:02	45.824543	-122.50152	270	29.08022	170334340	170334340	47	2241	Weekday	Out
2020-10-14 06:38:07	45.824545	-122.502383	270	29.08022	170334340	170334340	47	2241	Weekday	Out
2020-10-14 06:38:12	45.824543	-122.503248	270	29.08022	170334340	170334340	47	2241	Weekday	Out
2020-10-14 06:38:17	45.824538	-122.50407	269	26.84328	170334340	170334340	47	2241	Weekday	Out
2020-10-14 06:38:22	45.824337	-122.504782	248	24.60634	170334340	170334340	47	2241	Weekday	Out
2020-10-14 06:38:27	45.823897	-122.505217	215	26.84328	170334340	170334340	47	2241	Weekday	Out
2020-10-14 06:38:32	45.82341	-122.505492	201	24.60634	170334340	170334340	47	2241	Weekday	Out
2020-10-14 06:38:37	45.823053	-122.505908	219	22.3694	170334340	170334340	47	2241	Weekday	Out
2020-10-14 06:38:42	45.823003	-122.506518	263	20.13246	170334340	170334340	47	2241	Weekday	Out
2020-10-14 06:38:47	45.823288	-122.507072	306	24.60634	170334340	170334340	47	2241	Weekday	Out
2020-10-14 06:38:52	45.823623	-122.507703	307	26.84328	170334340	170334340	47	2241	Weekday	Out
2020-10-14 06:38:57	45.823795	-122.508478	288	26.84328	170334340	170334340	47	2241	Weekday	Out
2020-10-14 06:39:02	45.823732	-122.509297	264	26.84328	170334340	170334340	47	2241	Weekday	Out
2020-10-14 06:39:07	45.823607	-122.510065	257	26.84328	170334340	170334340	47	2241	Weekday	Out
2020-10-14 06:39:12	45.823508	-122.510808	259	24.60634	170334340	170334340	47	2241	Weekday	Out
2020-10-14 06:39:17	45.823532	-122.511533	273	24.60634	170334340	170334340	47	2241	Weekday	Out
2020-10-14 06:39:22	45.823793	-122.51217	301	24.60634	170334340	170334340	47	2241	Weekday	Out
2020-10-14 06:39:27	45.824148	-122.512682	315	24.60634	170334340	170334340	47	2241	Weekday	Out
2020-10-14 06:39:32	45.82446	-122.513283	307	24.60634	170334340	170334340	47	2241	Weekday	Out
2020-10-14 06:39:37	45.824577	-122.513997	283	24.60634	170334340	170334340	47	2241	Weekday	Out
2020-10-14 06:39:42	45.824567	-122.514757	269	24.60634	170334340	170334340	47	2241	Weekday	Out
2020-10-14 06:39:47	45.824567	-122.51554	270	26.84328	170334340	170334340	47	2241	Weekday	Out
2020-10-14 06:39:52	45.824563	-122.516333	270	26.84328	170334340	170334340	47	2241	Weekday	Out
2020-10-14 06:39:57	45.824558	-122.517132	269	26.84328	170334340	170334340	47	2241	Weekday	Out
2020-10-14 06:40:02	45.824565	-122.517952	271	26.84328	170334340	170334340	47	2241	Weekday	Out
2020-10-14 06:40:07	45.824575	-122.518773	271	26.84328	170334340	170334340	47	2241	Weekday	Out
2020-10-14 06:40:12	45.824575	-122.519597	270	26.84328	170334340	170334340	47	2241	Weekday	Out
2020-10-14 06:40:18	45.824588	-122.520553	271	24.60634	170334340	170334340	47	2241	Weekday	Out
2020-10-14 06:40:22	45.824467	-122.521135	253	29.08022	170334340	170334340	47	2241	Weekday	Out
2020-10-14 06:40:27	45.824093	-122.521663	225	24.60634	170334340	170334340	47	2241	Weekday	Out
2020-10-14 06:40:33	45.823447	-122.521797	188	24.60634	170334340	170334340	47	2241	Weekday	Out
2020-10-14 06:40:37	45.823017	-122.52176	177	29.08022	170334340	170334340	47	2241	Weekday	Out
2020-10-14 06:40:43	45.822372	-122.521755	180	24.60634	170334340	170334340	47	2241	Weekday	Out
2020-10-14 06:40:48	45.821807	-122.52174	179	26.84328	170334340	170334340	47	2241	Weekday	Out
2020-10-14 06:40:53	45.821227	-122.521737	180	26.84328	170334340	170334340	47	2241	Weekday	Out
2020-10-14 06:40:58	45.82065	-122.521765	182	26.84328	170334340	170334340	47	2241	Weekday	Out
2020-10-14 06:41:03	45.820095	-122.521778	181	26.84328	170334340	170334340	47	2241	Weekday	Out
2020-10-14 06:41:08	45.819567	-122.521795	181	24.60634	170334340	170334340	47	2241	Weekday	Out
2020-10-14 06:41:13	45.81903	-122.521807	181	26.84328	170334340	170334340	47	2241	Weekday	Out
2020-10-14 06:41:18	45.818462	-122.521808	180	26.84328	170334340	170334340	47	2241	Weekday	Out
2020-10-14 06:41:23	45.817905	-122.521812	180	26.84328	170334340	170334340	47	2241	Weekday	Out
2020-10-14 06:41:28	45.817377	-122.521812	180	24.60634	170334340	170334340	47	2241	Weekday	Out
2020-10-14 06:41:33	45.816797	-122.521812	180	26.84328	170334340	170334340	47	2241	Weekday	Out
2020-10-14 06:41:38	45.816202	-122.521812	180	29.08022	170334340	170334340	47	2241	Weekday	Out
2020-10-14 06:41:43	45.815602	-122.521807	180	29.08022	170334340	170334340	47	2241	Weekday	Out
2020-10-14 06:41:48	45.815085	-122.52181	180	24.60634	170334340	170334340	47	2241	Weekday	Out
2020-10-14 06:41:53	45.814578	-122.521812	180	24.60634	170334340	170334340	47	2241	Weekday	Out
2020-10-14 06:41:58	45.814083	-122.52181	180	24.60634	170334340	170334340	47	2241	Weekday	Out
2020-10-14 06:42:03	45.81357	-122.521812	180	24.60634	170334340	170334340	47	2241	Weekday	Out
2020-10-14 06:42:08	45.813008	-122.521812	180	26.84328	170334340	170334340	47	2241	Weekday	Out
2020-10-14 06:42:13	45.812437	-122.521807	180	26.84328	170334340	170334340	47	2241	Weekday	Out
2020-10-14 06:42:18	45.811867	-122.521802	180	26.84328	170334340	170334340	47	2241	Weekday	Out
2020-10-14 06:42:23	45.8113	-122.521803	180	26.84328	170334340	170334340	47	2241	Weekday	Out
2020-10-14 06:42:28	45.81074	-122.521797	180	26.84328	170334340	170334340	47	2241	Weekday	Out
2020-10-14 06:42:33	45.810175	-122.521797	180	26.84328	170334340	170334340	47	2241	Weekday	Out
2020-10-14 06:42:38	45.8096	-122.521852	184	26.84328	170334340	170334340	47	2241	Weekday	Out
2020-10-14 06:42:43	45.80911	-122.52212	201	24.60634	170334340	170334340	47	2241	Weekday	Out
2020-10-14 06:42:51	45.808702	-122.5226	219	15.65858	170334340	170334340	47	2241	Weekday	Out
2020-10-14 06:42:56	45.808333	-122.523157	226	26.84328	170334340	170334340	47	2241	Weekday	Out
2020-10-14 06:43:01	45.80796	-122.523725	227	26.84328	170334340	170334340	47	2241	Weekday	Out
2020-10-14 06:43:06	45.807592	-122.524308	228	26.84328	170334340	170334340	47	2241	Weekday	Out
2020-10-14 06:43:11	45.807243	-122.524942	232	26.84328	170334340	170334340	47	2241	Weekday	Out
2020-10-14 06:43:16	45.806917	-122.52556	233	26.84328	170334340	170334340	47	2241	Weekday	Out
2020-10-14 06:43:21	45.806585	-122.526133	230	24.60634	170334340	170334340	47	2241	Weekday	Out
2020-10-14 06:43:26	45.806182	-122.5266	219	24.60634	170334340	170334340	47	2241	Weekday	Out
2020-10-14 06:43:31	45.805682	-122.526862	200	24.60634	170334340	170334340	47	2241	Weekday	Out
2020-10-14 06:43:36	45.805153	-122.526895	183	24.60634	170334340	170334340	47	2241	Weekday	Out
2020-10-14 06:43:41	45.804637	-122.526868	178	24.60634	170334340	170334340	47	2241	Weekday	Out
2020-10-14 06:43:46	45.804098	-122.526852	179	24.60634	170334340	170334340	47	2241	Weekday	Out
2020-10-14 06:43:51	45.80355	-122.526838	179	26.84328	170334340	170334340	47	2241	Weekday	Out
2020-10-14 06:43:56	45.802988	-122.52684	180	26.84328	170334340	170334340	47	2241	Weekday	Out
2020-10-14 06:44:01	45.802417	-122.526842	180	26.84328	170334340	170334340	47	2241	Weekday	Out
2020-10-14 06:44:06	45.801837	-122.526832	179	26.84328	170334340	170334340	47	2241	Weekday	Out
2020-10-14 06:44:11	45.801255	-122.526818	179	26.84328	170334340	170334340	47	2241	Weekday	Out
2020-10-14 06:44:16	45.800695	-122.5268	179	26.84328	170334340	170334340	47	2241	Weekday	Out
2020-10-14 06:44:21	45.800118	-122.52678	179	26.84328	170334340	170334340	47	2241	Weekday	Out
2020-10-14 06:44:26	45.799542	-122.526765	179	26.84328	170334340	170334340	47	2241	Weekday	Out
2020-10-14 06:44:31	45.798962	-122.526745	179	26.84328	170334340	170334340	47	2241	Weekday	Out
2020-10-14 06:44:36	45.798402	-122.526732	179	26.84328	170334340	170334340	47	2241	Weekday	Out
2020-10-14 06:44:41	45.797835	-122.526723	179	26.84328	170334340	170334340	47	2241	Weekday	Out
2020-10-14 06:44:46	45.79726	-122.526718	180	26.84328	170334340	170334340	47	2241	Weekday	Out
2020-10-14 06:44:51	45.796678	-122.526707	179	26.84328	170334340	170334340	47	2241	Weekday	Out
2020-10-14 06:44:56	45.796108	-122.526697	179	26.84328	170334340	170334340	47	2241	Weekday	Out
2020-10-14 06:45:01	45.795547	-122.52669	180	26.84328	170334340	170334340	47	2241	Weekday	Out
2020-10-14 06:45:06	45.794973	-122.526697	180	26.84328	170334340	170334340	47	2241	Weekday	Out
2020-10-14 06:45:11	45.794387	-122.526703	180	26.84328	170334340	170334340	47	2241	Weekday	Out
2020-10-14 06:45:16	45.793797	-122.526713	181	29.08022	170334340	170334340	47	2241	Weekday	Out
2020-10-14 06:45:21	45.793207	-122.52672	180	29.08022	170334340	170334340	47	2241	Weekday	Out
2020-10-14 06:45:26	45.792607	-122.526732	181	29.08022	170334340	170334340	47	2241	Weekday	Out
2020-10-14 06:45:31	45.791997	-122.526738	180	29.08022	170334340	170334340	47	2241	Weekday	Out
2020-10-14 06:45:36	45.791378	-122.526745	180	29.08022	170334340	170334340	47	2241	Weekday	Out
2020-10-14 06:45:41	45.790788	-122.526755	181	26.84328	170334340	170334340	47	2241	Weekday	Out
2020-10-14 06:45:46	45.790217	-122.52676	180	26.84328	170334340	170334340	47	2241	Weekday	Out
2020-10-14 06:45:51	45.789645	-122.52677	181	26.84328	170334340	170334340	47	2241	Weekday	Out
2020-10-14 06:45:56	45.789092	-122.526777	180	26.84328	170334340	170334340	47	2241	Weekday	Out
2020-10-14 06:46:01	45.788547	-122.526787	181	24.60634	170334340	170334340	47	2241	Weekday	Out
2020-10-14 06:46:06	45.788038	-122.526805	181	24.60634	170334340	170334340	47	2241	Weekday	Out
2020-10-14 06:46:10	45.787547	-122.526818	181	29.08022	170334340	170334340	47	2241	Weekday	Out
2020-10-14 06:46:16	45.787035	-122.526825	181	20.13246	170334340	170334340	47	2241	Weekday	Out
2020-10-14 06:46:20	45.78651	-122.526833	181	31.31716	170334340	170334340	47	2241	Weekday	Out
2020-10-14 06:46:25	45.78599	-122.526842	181	24.60634	170334340	170334340	47	2241	Weekday	Out
2020-10-14 06:46:30	45.785557	-122.526968	192	20.13246	170334340	170334340	47	2241	Weekday	Out
2020-10-14 06:46:35	45.785215	-122.527405	222	22.3694	170334340	170334340	47	2241	Weekday	Out
2020-10-14 06:46:40	45.78486	-122.527837	220	22.3694	170334340	170334340	47	2241	Weekday	Out
2020-10-14 06:46:45	45.784475	-122.5282	213	22.3694	170334340	170334340	47	2241	Weekday	Out
2020-10-14 06:46:50	45.784037	-122.528513	206	22.3694	170334340	170334340	47	2241	Weekday	Out
2020-10-14 06:46:55	45.783568	-122.528745	199	24.60634	170334340	170334340	47	2241	Weekday	Out
2020-10-14 06:47:00	45.783127	-122.528925	196	22.3694	170334340	170334340	47	2241	Weekday	Out
2020-10-14 06:47:05	45.782727	-122.529088	196	20.13246	170334340	170334340	47	2241	Weekday	Out
2020-10-14 06:47:10	45.782328	-122.529215	193	20.13246	170334340	170334340	47	2241	Weekday	Out
2020-10-14 06:47:15	45.781945	-122.529238	182	17.89552	170334340	170334340	47	2241	Weekday	Out
2020-10-14 06:47:20	45.781568	-122.529228	179	17.89552	170334340	170334340	47	2241	Weekday	Out
2020-10-14 06:47:25	45.781233	-122.529217	179	15.65858	170334340	170334340	47	2241	Weekday	Out
2020-10-14 06:47:30	45.781067	-122.529213	179	6.71082	170334340	170334340	47	2241	Weekday	Out
2020-10-14 06:47:32	45.781063	-122.529213	180	0	170334340	170334340	47	2241	Weekday	Out
2020-10-14 06:47:34	45.781063	-122.529213	0	0	170334340	170334340	47	2241	Weekday	Out
2020-10-14 06:47:35	45.78106	-122.529215	199	2.23694	170334340	170334340	47	2241	Weekday	Out
2020-10-14 06:47:41	45.780948	-122.529167	163	4.47388	170334340	170334340	47	2241	Weekday	Out
2020-10-14 06:47:45	45.780908	-122.528937	104	11.1847	170334340	170334340	47	2241	Weekday	Out
2020-10-14 06:47:51	45.780893	-122.528637	94	6.71082	170334340	170334340	47	2241	Weekday	Out
2020-10-14 06:47:55	45.780577	-122.5285	163	20.13246	170334340	170334340	47	2241	Weekday	Out
2020-10-14 06:48:00	45.78016	-122.52839	170	20.13246	170334340	170334340	47	2241	Weekday	Out
2020-10-14 06:48:05	45.779722	-122.528228	166	22.3694	170334340	170334340	47	2241	Weekday	Out
2020-10-14 06:48:10	45.779292	-122.528072	166	20.13246	170334340	170334340	47	2241	Weekday	Out
2020-10-14 06:48:15	45.778855	-122.52798	172	20.13246	170334340	170334340	47	2241	Weekday	Out
2020-10-14 06:48:20	45.77843	-122.527858	169	20.13246	170334340	170334340	47	2241	Weekday	Out
